ISO-10303-21;
/* Pf033: many small ADVANCED_FACEs in single CLOSED_SHELL (auto-mesh O(n²)) */
HEADER;
FILE_DESCRIPTION(('Pf033'),'2;1');
FILE_NAME('Pf033.stp','2026-06-17T00:00:00',(''),(''),'cad-research-suite','','');
FILE_SCHEMA(('AUTOMOTIVE_DESIGN { 1 0 10303 214 3 1 1 }'));
ENDSEC;
DATA;
#9000=APPLICATION_CONTEXT('mechanical design');
#1=CARTESIAN_POINT('',(0.0,0.0,0.0));
#2=DIRECTION('',(0.0,0.0,1.0));
#3=DIRECTION('',(1.0,0.0,0.0));
#4=AXIS2_PLACEMENT_3D('',#1,#2,#3);
#5=PLANE('',#4);
#6=CARTESIAN_POINT('',(0.0,0.0,0.0));
#7=CARTESIAN_POINT('',(0.1,0.0,0.0));
#8=CARTESIAN_POINT('',(0.1,0.1,0.0));
#9=CARTESIAN_POINT('',(0.0,0.1,0.0));
#10=VERTEX_POINT('',#6);
#11=VERTEX_POINT('',#7);
#12=VERTEX_POINT('',#8);
#13=VERTEX_POINT('',#9);
#14=DIRECTION('',(1.0,0.0,0.0));
#15=VECTOR('',#14,0.1);
#16=LINE('',#6,#15);
#17=EDGE_CURVE('',#10,#11,#16,.T.);
#18=DIRECTION('',(0.0,1.0,0.0));
#19=VECTOR('',#18,0.1);
#20=LINE('',#7,#19);
#21=EDGE_CURVE('',#11,#12,#20,.T.);
#22=DIRECTION('',(-1.0,0.0,0.0));
#23=VECTOR('',#22,0.1);
#24=LINE('',#8,#23);
#25=EDGE_CURVE('',#12,#13,#24,.T.);
#26=DIRECTION('',(0.0,-1.0,0.0));
#27=VECTOR('',#26,0.1);
#28=LINE('',#9,#27);
#29=EDGE_CURVE('',#13,#10,#28,.T.);
#30=ORIENTED_EDGE('',$,$,#17,.T.);
#31=ORIENTED_EDGE('',$,$,#21,.T.);
#32=ORIENTED_EDGE('',$,$,#25,.T.);
#33=ORIENTED_EDGE('',$,$,#29,.T.);
#34=EDGE_LOOP('',(#30,#31,#32,#33));
#35=FACE_OUTER_BOUND('',#34,.T.);
#36=ADVANCED_FACE('',(#35),#5,.T.);
#37=CARTESIAN_POINT('',(0.0,0.1,0.0));
#38=CARTESIAN_POINT('',(0.1,0.1,0.0));
#39=CARTESIAN_POINT('',(0.1,0.2,0.0));
#40=CARTESIAN_POINT('',(0.0,0.2,0.0));
#41=VERTEX_POINT('',#37);
#42=VERTEX_POINT('',#38);
#43=VERTEX_POINT('',#39);
#44=VERTEX_POINT('',#40);
#45=DIRECTION('',(1.0,0.0,0.0));
#46=VECTOR('',#45,0.1);
#47=LINE('',#37,#46);
#48=EDGE_CURVE('',#41,#42,#47,.T.);
#49=DIRECTION('',(0.0,1.0,0.0));
#50=VECTOR('',#49,0.1);
#51=LINE('',#38,#50);
#52=EDGE_CURVE('',#42,#43,#51,.T.);
#53=DIRECTION('',(-1.0,0.0,0.0));
#54=VECTOR('',#53,0.1);
#55=LINE('',#39,#54);
#56=EDGE_CURVE('',#43,#44,#55,.T.);
#57=DIRECTION('',(0.0,-1.0,0.0));
#58=VECTOR('',#57,0.1);
#59=LINE('',#40,#58);
#60=EDGE_CURVE('',#44,#41,#59,.T.);
#61=ORIENTED_EDGE('',$,$,#48,.T.);
#62=ORIENTED_EDGE('',$,$,#52,.T.);
#63=ORIENTED_EDGE('',$,$,#56,.T.);
#64=ORIENTED_EDGE('',$,$,#60,.T.);
#65=EDGE_LOOP('',(#61,#62,#63,#64));
#66=FACE_OUTER_BOUND('',#65,.T.);
#67=ADVANCED_FACE('',(#66),#5,.T.);
#68=CARTESIAN_POINT('',(0.0,0.2,0.0));
#69=CARTESIAN_POINT('',(0.1,0.2,0.0));
#70=CARTESIAN_POINT('',(0.1,0.3,0.0));
#71=CARTESIAN_POINT('',(0.0,0.3,0.0));
#72=VERTEX_POINT('',#68);
#73=VERTEX_POINT('',#69);
#74=VERTEX_POINT('',#70);
#75=VERTEX_POINT('',#71);
#76=DIRECTION('',(1.0,0.0,0.0));
#77=VECTOR('',#76,0.1);
#78=LINE('',#68,#77);
#79=EDGE_CURVE('',#72,#73,#78,.T.);
#80=DIRECTION('',(0.0,1.0,0.0));
#81=VECTOR('',#80,0.1);
#82=LINE('',#69,#81);
#83=EDGE_CURVE('',#73,#74,#82,.T.);
#84=DIRECTION('',(-1.0,0.0,0.0));
#85=VECTOR('',#84,0.1);
#86=LINE('',#70,#85);
#87=EDGE_CURVE('',#74,#75,#86,.T.);
#88=DIRECTION('',(0.0,-1.0,0.0));
#89=VECTOR('',#88,0.1);
#90=LINE('',#71,#89);
#91=EDGE_CURVE('',#75,#72,#90,.T.);
#92=ORIENTED_EDGE('',$,$,#79,.T.);
#93=ORIENTED_EDGE('',$,$,#83,.T.);
#94=ORIENTED_EDGE('',$,$,#87,.T.);
#95=ORIENTED_EDGE('',$,$,#91,.T.);
#96=EDGE_LOOP('',(#92,#93,#94,#95));
#97=FACE_OUTER_BOUND('',#96,.T.);
#98=ADVANCED_FACE('',(#97),#5,.T.);
#99=CARTESIAN_POINT('',(0.0,0.3,0.0));
#100=CARTESIAN_POINT('',(0.1,0.3,0.0));
#101=CARTESIAN_POINT('',(0.1,0.4,0.0));
#102=CARTESIAN_POINT('',(0.0,0.4,0.0));
#103=VERTEX_POINT('',#99);
#104=VERTEX_POINT('',#100);
#105=VERTEX_POINT('',#101);
#106=VERTEX_POINT('',#102);
#107=DIRECTION('',(1.0,0.0,0.0));
#108=VECTOR('',#107,0.1);
#109=LINE('',#99,#108);
#110=EDGE_CURVE('',#103,#104,#109,.T.);
#111=DIRECTION('',(0.0,1.0,0.0));
#112=VECTOR('',#111,0.1);
#113=LINE('',#100,#112);
#114=EDGE_CURVE('',#104,#105,#113,.T.);
#115=DIRECTION('',(-1.0,0.0,0.0));
#116=VECTOR('',#115,0.1);
#117=LINE('',#101,#116);
#118=EDGE_CURVE('',#105,#106,#117,.T.);
#119=DIRECTION('',(0.0,-1.0,0.0));
#120=VECTOR('',#119,0.1);
#121=LINE('',#102,#120);
#122=EDGE_CURVE('',#106,#103,#121,.T.);
#123=ORIENTED_EDGE('',$,$,#110,.T.);
#124=ORIENTED_EDGE('',$,$,#114,.T.);
#125=ORIENTED_EDGE('',$,$,#118,.T.);
#126=ORIENTED_EDGE('',$,$,#122,.T.);
#127=EDGE_LOOP('',(#123,#124,#125,#126));
#128=FACE_OUTER_BOUND('',#127,.T.);
#129=ADVANCED_FACE('',(#128),#5,.T.);
#130=CARTESIAN_POINT('',(0.0,0.4,0.0));
#131=CARTESIAN_POINT('',(0.1,0.4,0.0));
#132=CARTESIAN_POINT('',(0.1,0.5,0.0));
#133=CARTESIAN_POINT('',(0.0,0.5,0.0));
#134=VERTEX_POINT('',#130);
#135=VERTEX_POINT('',#131);
#136=VERTEX_POINT('',#132);
#137=VERTEX_POINT('',#133);
#138=DIRECTION('',(1.0,0.0,0.0));
#139=VECTOR('',#138,0.1);
#140=LINE('',#130,#139);
#141=EDGE_CURVE('',#134,#135,#140,.T.);
#142=DIRECTION('',(0.0,1.0,0.0));
#143=VECTOR('',#142,0.1);
#144=LINE('',#131,#143);
#145=EDGE_CURVE('',#135,#136,#144,.T.);
#146=DIRECTION('',(-1.0,0.0,0.0));
#147=VECTOR('',#146,0.1);
#148=LINE('',#132,#147);
#149=EDGE_CURVE('',#136,#137,#148,.T.);
#150=DIRECTION('',(0.0,-1.0,0.0));
#151=VECTOR('',#150,0.1);
#152=LINE('',#133,#151);
#153=EDGE_CURVE('',#137,#134,#152,.T.);
#154=ORIENTED_EDGE('',$,$,#141,.T.);
#155=ORIENTED_EDGE('',$,$,#145,.T.);
#156=ORIENTED_EDGE('',$,$,#149,.T.);
#157=ORIENTED_EDGE('',$,$,#153,.T.);
#158=EDGE_LOOP('',(#154,#155,#156,#157));
#159=FACE_OUTER_BOUND('',#158,.T.);
#160=ADVANCED_FACE('',(#159),#5,.T.);
#161=CARTESIAN_POINT('',(0.0,0.5,0.0));
#162=CARTESIAN_POINT('',(0.1,0.5,0.0));
#163=CARTESIAN_POINT('',(0.1,0.6,0.0));
#164=CARTESIAN_POINT('',(0.0,0.6,0.0));
#165=VERTEX_POINT('',#161);
#166=VERTEX_POINT('',#162);
#167=VERTEX_POINT('',#163);
#168=VERTEX_POINT('',#164);
#169=DIRECTION('',(1.0,0.0,0.0));
#170=VECTOR('',#169,0.1);
#171=LINE('',#161,#170);
#172=EDGE_CURVE('',#165,#166,#171,.T.);
#173=DIRECTION('',(0.0,1.0,0.0));
#174=VECTOR('',#173,0.1);
#175=LINE('',#162,#174);
#176=EDGE_CURVE('',#166,#167,#175,.T.);
#177=DIRECTION('',(-1.0,0.0,0.0));
#178=VECTOR('',#177,0.1);
#179=LINE('',#163,#178);
#180=EDGE_CURVE('',#167,#168,#179,.T.);
#181=DIRECTION('',(0.0,-1.0,0.0));
#182=VECTOR('',#181,0.1);
#183=LINE('',#164,#182);
#184=EDGE_CURVE('',#168,#165,#183,.T.);
#185=ORIENTED_EDGE('',$,$,#172,.T.);
#186=ORIENTED_EDGE('',$,$,#176,.T.);
#187=ORIENTED_EDGE('',$,$,#180,.T.);
#188=ORIENTED_EDGE('',$,$,#184,.T.);
#189=EDGE_LOOP('',(#185,#186,#187,#188));
#190=FACE_OUTER_BOUND('',#189,.T.);
#191=ADVANCED_FACE('',(#190),#5,.T.);
#192=CARTESIAN_POINT('',(0.0,0.6,0.0));
#193=CARTESIAN_POINT('',(0.1,0.6,0.0));
#194=CARTESIAN_POINT('',(0.1,0.7,0.0));
#195=CARTESIAN_POINT('',(0.0,0.7,0.0));
#196=VERTEX_POINT('',#192);
#197=VERTEX_POINT('',#193);
#198=VERTEX_POINT('',#194);
#199=VERTEX_POINT('',#195);
#200=DIRECTION('',(1.0,0.0,0.0));
#201=VECTOR('',#200,0.1);
#202=LINE('',#192,#201);
#203=EDGE_CURVE('',#196,#197,#202,.T.);
#204=DIRECTION('',(0.0,1.0,0.0));
#205=VECTOR('',#204,0.1);
#206=LINE('',#193,#205);
#207=EDGE_CURVE('',#197,#198,#206,.T.);
#208=DIRECTION('',(-1.0,0.0,0.0));
#209=VECTOR('',#208,0.1);
#210=LINE('',#194,#209);
#211=EDGE_CURVE('',#198,#199,#210,.T.);
#212=DIRECTION('',(0.0,-1.0,0.0));
#213=VECTOR('',#212,0.1);
#214=LINE('',#195,#213);
#215=EDGE_CURVE('',#199,#196,#214,.T.);
#216=ORIENTED_EDGE('',$,$,#203,.T.);
#217=ORIENTED_EDGE('',$,$,#207,.T.);
#218=ORIENTED_EDGE('',$,$,#211,.T.);
#219=ORIENTED_EDGE('',$,$,#215,.T.);
#220=EDGE_LOOP('',(#216,#217,#218,#219));
#221=FACE_OUTER_BOUND('',#220,.T.);
#222=ADVANCED_FACE('',(#221),#5,.T.);
#223=CARTESIAN_POINT('',(0.0,0.7,0.0));
#224=CARTESIAN_POINT('',(0.1,0.7,0.0));
#225=CARTESIAN_POINT('',(0.1,0.8,0.0));
#226=CARTESIAN_POINT('',(0.0,0.8,0.0));
#227=VERTEX_POINT('',#223);
#228=VERTEX_POINT('',#224);
#229=VERTEX_POINT('',#225);
#230=VERTEX_POINT('',#226);
#231=DIRECTION('',(1.0,0.0,0.0));
#232=VECTOR('',#231,0.1);
#233=LINE('',#223,#232);
#234=EDGE_CURVE('',#227,#228,#233,.T.);
#235=DIRECTION('',(0.0,1.0,0.0));
#236=VECTOR('',#235,0.1);
#237=LINE('',#224,#236);
#238=EDGE_CURVE('',#228,#229,#237,.T.);
#239=DIRECTION('',(-1.0,0.0,0.0));
#240=VECTOR('',#239,0.1);
#241=LINE('',#225,#240);
#242=EDGE_CURVE('',#229,#230,#241,.T.);
#243=DIRECTION('',(0.0,-1.0,0.0));
#244=VECTOR('',#243,0.1);
#245=LINE('',#226,#244);
#246=EDGE_CURVE('',#230,#227,#245,.T.);
#247=ORIENTED_EDGE('',$,$,#234,.T.);
#248=ORIENTED_EDGE('',$,$,#238,.T.);
#249=ORIENTED_EDGE('',$,$,#242,.T.);
#250=ORIENTED_EDGE('',$,$,#246,.T.);
#251=EDGE_LOOP('',(#247,#248,#249,#250));
#252=FACE_OUTER_BOUND('',#251,.T.);
#253=ADVANCED_FACE('',(#252),#5,.T.);
#254=CARTESIAN_POINT('',(0.0,0.8,0.0));
#255=CARTESIAN_POINT('',(0.1,0.8,0.0));
#256=CARTESIAN_POINT('',(0.1,0.9,0.0));
#257=CARTESIAN_POINT('',(0.0,0.9,0.0));
#258=VERTEX_POINT('',#254);
#259=VERTEX_POINT('',#255);
#260=VERTEX_POINT('',#256);
#261=VERTEX_POINT('',#257);
#262=DIRECTION('',(1.0,0.0,0.0));
#263=VECTOR('',#262,0.1);
#264=LINE('',#254,#263);
#265=EDGE_CURVE('',#258,#259,#264,.T.);
#266=DIRECTION('',(0.0,1.0,0.0));
#267=VECTOR('',#266,0.1);
#268=LINE('',#255,#267);
#269=EDGE_CURVE('',#259,#260,#268,.T.);
#270=DIRECTION('',(-1.0,0.0,0.0));
#271=VECTOR('',#270,0.1);
#272=LINE('',#256,#271);
#273=EDGE_CURVE('',#260,#261,#272,.T.);
#274=DIRECTION('',(0.0,-1.0,0.0));
#275=VECTOR('',#274,0.1);
#276=LINE('',#257,#275);
#277=EDGE_CURVE('',#261,#258,#276,.T.);
#278=ORIENTED_EDGE('',$,$,#265,.T.);
#279=ORIENTED_EDGE('',$,$,#269,.T.);
#280=ORIENTED_EDGE('',$,$,#273,.T.);
#281=ORIENTED_EDGE('',$,$,#277,.T.);
#282=EDGE_LOOP('',(#278,#279,#280,#281));
#283=FACE_OUTER_BOUND('',#282,.T.);
#284=ADVANCED_FACE('',(#283),#5,.T.);
#285=CARTESIAN_POINT('',(0.0,0.9,0.0));
#286=CARTESIAN_POINT('',(0.1,0.9,0.0));
#287=CARTESIAN_POINT('',(0.1,1.0,0.0));
#288=CARTESIAN_POINT('',(0.0,1.0,0.0));
#289=VERTEX_POINT('',#285);
#290=VERTEX_POINT('',#286);
#291=VERTEX_POINT('',#287);
#292=VERTEX_POINT('',#288);
#293=DIRECTION('',(1.0,0.0,0.0));
#294=VECTOR('',#293,0.1);
#295=LINE('',#285,#294);
#296=EDGE_CURVE('',#289,#290,#295,.T.);
#297=DIRECTION('',(0.0,1.0,0.0));
#298=VECTOR('',#297,0.1);
#299=LINE('',#286,#298);
#300=EDGE_CURVE('',#290,#291,#299,.T.);
#301=DIRECTION('',(-1.0,0.0,0.0));
#302=VECTOR('',#301,0.1);
#303=LINE('',#287,#302);
#304=EDGE_CURVE('',#291,#292,#303,.T.);
#305=DIRECTION('',(0.0,-1.0,0.0));
#306=VECTOR('',#305,0.1);
#307=LINE('',#288,#306);
#308=EDGE_CURVE('',#292,#289,#307,.T.);
#309=ORIENTED_EDGE('',$,$,#296,.T.);
#310=ORIENTED_EDGE('',$,$,#300,.T.);
#311=ORIENTED_EDGE('',$,$,#304,.T.);
#312=ORIENTED_EDGE('',$,$,#308,.T.);
#313=EDGE_LOOP('',(#309,#310,#311,#312));
#314=FACE_OUTER_BOUND('',#313,.T.);
#315=ADVANCED_FACE('',(#314),#5,.T.);
#316=CARTESIAN_POINT('',(0.0,1.0,0.0));
#317=CARTESIAN_POINT('',(0.1,1.0,0.0));
#318=CARTESIAN_POINT('',(0.1,1.1,0.0));
#319=CARTESIAN_POINT('',(0.0,1.1,0.0));
#320=VERTEX_POINT('',#316);
#321=VERTEX_POINT('',#317);
#322=VERTEX_POINT('',#318);
#323=VERTEX_POINT('',#319);
#324=DIRECTION('',(1.0,0.0,0.0));
#325=VECTOR('',#324,0.1);
#326=LINE('',#316,#325);
#327=EDGE_CURVE('',#320,#321,#326,.T.);
#328=DIRECTION('',(0.0,1.0,0.0));
#329=VECTOR('',#328,0.1);
#330=LINE('',#317,#329);
#331=EDGE_CURVE('',#321,#322,#330,.T.);
#332=DIRECTION('',(-1.0,0.0,0.0));
#333=VECTOR('',#332,0.1);
#334=LINE('',#318,#333);
#335=EDGE_CURVE('',#322,#323,#334,.T.);
#336=DIRECTION('',(0.0,-1.0,0.0));
#337=VECTOR('',#336,0.1);
#338=LINE('',#319,#337);
#339=EDGE_CURVE('',#323,#320,#338,.T.);
#340=ORIENTED_EDGE('',$,$,#327,.T.);
#341=ORIENTED_EDGE('',$,$,#331,.T.);
#342=ORIENTED_EDGE('',$,$,#335,.T.);
#343=ORIENTED_EDGE('',$,$,#339,.T.);
#344=EDGE_LOOP('',(#340,#341,#342,#343));
#345=FACE_OUTER_BOUND('',#344,.T.);
#346=ADVANCED_FACE('',(#345),#5,.T.);
#347=CARTESIAN_POINT('',(0.0,1.1,0.0));
#348=CARTESIAN_POINT('',(0.1,1.1,0.0));
#349=CARTESIAN_POINT('',(0.1,1.2,0.0));
#350=CARTESIAN_POINT('',(0.0,1.2,0.0));
#351=VERTEX_POINT('',#347);
#352=VERTEX_POINT('',#348);
#353=VERTEX_POINT('',#349);
#354=VERTEX_POINT('',#350);
#355=DIRECTION('',(1.0,0.0,0.0));
#356=VECTOR('',#355,0.1);
#357=LINE('',#347,#356);
#358=EDGE_CURVE('',#351,#352,#357,.T.);
#359=DIRECTION('',(0.0,1.0,0.0));
#360=VECTOR('',#359,0.1);
#361=LINE('',#348,#360);
#362=EDGE_CURVE('',#352,#353,#361,.T.);
#363=DIRECTION('',(-1.0,0.0,0.0));
#364=VECTOR('',#363,0.1);
#365=LINE('',#349,#364);
#366=EDGE_CURVE('',#353,#354,#365,.T.);
#367=DIRECTION('',(0.0,-1.0,0.0));
#368=VECTOR('',#367,0.1);
#369=LINE('',#350,#368);
#370=EDGE_CURVE('',#354,#351,#369,.T.);
#371=ORIENTED_EDGE('',$,$,#358,.T.);
#372=ORIENTED_EDGE('',$,$,#362,.T.);
#373=ORIENTED_EDGE('',$,$,#366,.T.);
#374=ORIENTED_EDGE('',$,$,#370,.T.);
#375=EDGE_LOOP('',(#371,#372,#373,#374));
#376=FACE_OUTER_BOUND('',#375,.T.);
#377=ADVANCED_FACE('',(#376),#5,.T.);
#378=CARTESIAN_POINT('',(0.1,0.0,0.0));
#379=CARTESIAN_POINT('',(0.2,0.0,0.0));
#380=CARTESIAN_POINT('',(0.2,0.1,0.0));
#381=CARTESIAN_POINT('',(0.1,0.1,0.0));
#382=VERTEX_POINT('',#378);
#383=VERTEX_POINT('',#379);
#384=VERTEX_POINT('',#380);
#385=VERTEX_POINT('',#381);
#386=DIRECTION('',(1.0,0.0,0.0));
#387=VECTOR('',#386,0.1);
#388=LINE('',#378,#387);
#389=EDGE_CURVE('',#382,#383,#388,.T.);
#390=DIRECTION('',(0.0,1.0,0.0));
#391=VECTOR('',#390,0.1);
#392=LINE('',#379,#391);
#393=EDGE_CURVE('',#383,#384,#392,.T.);
#394=DIRECTION('',(-1.0,0.0,0.0));
#395=VECTOR('',#394,0.1);
#396=LINE('',#380,#395);
#397=EDGE_CURVE('',#384,#385,#396,.T.);
#398=DIRECTION('',(0.0,-1.0,0.0));
#399=VECTOR('',#398,0.1);
#400=LINE('',#381,#399);
#401=EDGE_CURVE('',#385,#382,#400,.T.);
#402=ORIENTED_EDGE('',$,$,#389,.T.);
#403=ORIENTED_EDGE('',$,$,#393,.T.);
#404=ORIENTED_EDGE('',$,$,#397,.T.);
#405=ORIENTED_EDGE('',$,$,#401,.T.);
#406=EDGE_LOOP('',(#402,#403,#404,#405));
#407=FACE_OUTER_BOUND('',#406,.T.);
#408=ADVANCED_FACE('',(#407),#5,.T.);
#409=CARTESIAN_POINT('',(0.1,0.1,0.0));
#410=CARTESIAN_POINT('',(0.2,0.1,0.0));
#411=CARTESIAN_POINT('',(0.2,0.2,0.0));
#412=CARTESIAN_POINT('',(0.1,0.2,0.0));
#413=VERTEX_POINT('',#409);
#414=VERTEX_POINT('',#410);
#415=VERTEX_POINT('',#411);
#416=VERTEX_POINT('',#412);
#417=DIRECTION('',(1.0,0.0,0.0));
#418=VECTOR('',#417,0.1);
#419=LINE('',#409,#418);
#420=EDGE_CURVE('',#413,#414,#419,.T.);
#421=DIRECTION('',(0.0,1.0,0.0));
#422=VECTOR('',#421,0.1);
#423=LINE('',#410,#422);
#424=EDGE_CURVE('',#414,#415,#423,.T.);
#425=DIRECTION('',(-1.0,0.0,0.0));
#426=VECTOR('',#425,0.1);
#427=LINE('',#411,#426);
#428=EDGE_CURVE('',#415,#416,#427,.T.);
#429=DIRECTION('',(0.0,-1.0,0.0));
#430=VECTOR('',#429,0.1);
#431=LINE('',#412,#430);
#432=EDGE_CURVE('',#416,#413,#431,.T.);
#433=ORIENTED_EDGE('',$,$,#420,.T.);
#434=ORIENTED_EDGE('',$,$,#424,.T.);
#435=ORIENTED_EDGE('',$,$,#428,.T.);
#436=ORIENTED_EDGE('',$,$,#432,.T.);
#437=EDGE_LOOP('',(#433,#434,#435,#436));
#438=FACE_OUTER_BOUND('',#437,.T.);
#439=ADVANCED_FACE('',(#438),#5,.T.);
#440=CARTESIAN_POINT('',(0.1,0.2,0.0));
#441=CARTESIAN_POINT('',(0.2,0.2,0.0));
#442=CARTESIAN_POINT('',(0.2,0.3,0.0));
#443=CARTESIAN_POINT('',(0.1,0.3,0.0));
#444=VERTEX_POINT('',#440);
#445=VERTEX_POINT('',#441);
#446=VERTEX_POINT('',#442);
#447=VERTEX_POINT('',#443);
#448=DIRECTION('',(1.0,0.0,0.0));
#449=VECTOR('',#448,0.1);
#450=LINE('',#440,#449);
#451=EDGE_CURVE('',#444,#445,#450,.T.);
#452=DIRECTION('',(0.0,1.0,0.0));
#453=VECTOR('',#452,0.1);
#454=LINE('',#441,#453);
#455=EDGE_CURVE('',#445,#446,#454,.T.);
#456=DIRECTION('',(-1.0,0.0,0.0));
#457=VECTOR('',#456,0.1);
#458=LINE('',#442,#457);
#459=EDGE_CURVE('',#446,#447,#458,.T.);
#460=DIRECTION('',(0.0,-1.0,0.0));
#461=VECTOR('',#460,0.1);
#462=LINE('',#443,#461);
#463=EDGE_CURVE('',#447,#444,#462,.T.);
#464=ORIENTED_EDGE('',$,$,#451,.T.);
#465=ORIENTED_EDGE('',$,$,#455,.T.);
#466=ORIENTED_EDGE('',$,$,#459,.T.);
#467=ORIENTED_EDGE('',$,$,#463,.T.);
#468=EDGE_LOOP('',(#464,#465,#466,#467));
#469=FACE_OUTER_BOUND('',#468,.T.);
#470=ADVANCED_FACE('',(#469),#5,.T.);
#471=CARTESIAN_POINT('',(0.1,0.3,0.0));
#472=CARTESIAN_POINT('',(0.2,0.3,0.0));
#473=CARTESIAN_POINT('',(0.2,0.4,0.0));
#474=CARTESIAN_POINT('',(0.1,0.4,0.0));
#475=VERTEX_POINT('',#471);
#476=VERTEX_POINT('',#472);
#477=VERTEX_POINT('',#473);
#478=VERTEX_POINT('',#474);
#479=DIRECTION('',(1.0,0.0,0.0));
#480=VECTOR('',#479,0.1);
#481=LINE('',#471,#480);
#482=EDGE_CURVE('',#475,#476,#481,.T.);
#483=DIRECTION('',(0.0,1.0,0.0));
#484=VECTOR('',#483,0.1);
#485=LINE('',#472,#484);
#486=EDGE_CURVE('',#476,#477,#485,.T.);
#487=DIRECTION('',(-1.0,0.0,0.0));
#488=VECTOR('',#487,0.1);
#489=LINE('',#473,#488);
#490=EDGE_CURVE('',#477,#478,#489,.T.);
#491=DIRECTION('',(0.0,-1.0,0.0));
#492=VECTOR('',#491,0.1);
#493=LINE('',#474,#492);
#494=EDGE_CURVE('',#478,#475,#493,.T.);
#495=ORIENTED_EDGE('',$,$,#482,.T.);
#496=ORIENTED_EDGE('',$,$,#486,.T.);
#497=ORIENTED_EDGE('',$,$,#490,.T.);
#498=ORIENTED_EDGE('',$,$,#494,.T.);
#499=EDGE_LOOP('',(#495,#496,#497,#498));
#500=FACE_OUTER_BOUND('',#499,.T.);
#501=ADVANCED_FACE('',(#500),#5,.T.);
#502=CARTESIAN_POINT('',(0.1,0.4,0.0));
#503=CARTESIAN_POINT('',(0.2,0.4,0.0));
#504=CARTESIAN_POINT('',(0.2,0.5,0.0));
#505=CARTESIAN_POINT('',(0.1,0.5,0.0));
#506=VERTEX_POINT('',#502);
#507=VERTEX_POINT('',#503);
#508=VERTEX_POINT('',#504);
#509=VERTEX_POINT('',#505);
#510=DIRECTION('',(1.0,0.0,0.0));
#511=VECTOR('',#510,0.1);
#512=LINE('',#502,#511);
#513=EDGE_CURVE('',#506,#507,#512,.T.);
#514=DIRECTION('',(0.0,1.0,0.0));
#515=VECTOR('',#514,0.1);
#516=LINE('',#503,#515);
#517=EDGE_CURVE('',#507,#508,#516,.T.);
#518=DIRECTION('',(-1.0,0.0,0.0));
#519=VECTOR('',#518,0.1);
#520=LINE('',#504,#519);
#521=EDGE_CURVE('',#508,#509,#520,.T.);
#522=DIRECTION('',(0.0,-1.0,0.0));
#523=VECTOR('',#522,0.1);
#524=LINE('',#505,#523);
#525=EDGE_CURVE('',#509,#506,#524,.T.);
#526=ORIENTED_EDGE('',$,$,#513,.T.);
#527=ORIENTED_EDGE('',$,$,#517,.T.);
#528=ORIENTED_EDGE('',$,$,#521,.T.);
#529=ORIENTED_EDGE('',$,$,#525,.T.);
#530=EDGE_LOOP('',(#526,#527,#528,#529));
#531=FACE_OUTER_BOUND('',#530,.T.);
#532=ADVANCED_FACE('',(#531),#5,.T.);
#533=CARTESIAN_POINT('',(0.1,0.5,0.0));
#534=CARTESIAN_POINT('',(0.2,0.5,0.0));
#535=CARTESIAN_POINT('',(0.2,0.6,0.0));
#536=CARTESIAN_POINT('',(0.1,0.6,0.0));
#537=VERTEX_POINT('',#533);
#538=VERTEX_POINT('',#534);
#539=VERTEX_POINT('',#535);
#540=VERTEX_POINT('',#536);
#541=DIRECTION('',(1.0,0.0,0.0));
#542=VECTOR('',#541,0.1);
#543=LINE('',#533,#542);
#544=EDGE_CURVE('',#537,#538,#543,.T.);
#545=DIRECTION('',(0.0,1.0,0.0));
#546=VECTOR('',#545,0.1);
#547=LINE('',#534,#546);
#548=EDGE_CURVE('',#538,#539,#547,.T.);
#549=DIRECTION('',(-1.0,0.0,0.0));
#550=VECTOR('',#549,0.1);
#551=LINE('',#535,#550);
#552=EDGE_CURVE('',#539,#540,#551,.T.);
#553=DIRECTION('',(0.0,-1.0,0.0));
#554=VECTOR('',#553,0.1);
#555=LINE('',#536,#554);
#556=EDGE_CURVE('',#540,#537,#555,.T.);
#557=ORIENTED_EDGE('',$,$,#544,.T.);
#558=ORIENTED_EDGE('',$,$,#548,.T.);
#559=ORIENTED_EDGE('',$,$,#552,.T.);
#560=ORIENTED_EDGE('',$,$,#556,.T.);
#561=EDGE_LOOP('',(#557,#558,#559,#560));
#562=FACE_OUTER_BOUND('',#561,.T.);
#563=ADVANCED_FACE('',(#562),#5,.T.);
#564=CARTESIAN_POINT('',(0.1,0.6,0.0));
#565=CARTESIAN_POINT('',(0.2,0.6,0.0));
#566=CARTESIAN_POINT('',(0.2,0.7,0.0));
#567=CARTESIAN_POINT('',(0.1,0.7,0.0));
#568=VERTEX_POINT('',#564);
#569=VERTEX_POINT('',#565);
#570=VERTEX_POINT('',#566);
#571=VERTEX_POINT('',#567);
#572=DIRECTION('',(1.0,0.0,0.0));
#573=VECTOR('',#572,0.1);
#574=LINE('',#564,#573);
#575=EDGE_CURVE('',#568,#569,#574,.T.);
#576=DIRECTION('',(0.0,1.0,0.0));
#577=VECTOR('',#576,0.1);
#578=LINE('',#565,#577);
#579=EDGE_CURVE('',#569,#570,#578,.T.);
#580=DIRECTION('',(-1.0,0.0,0.0));
#581=VECTOR('',#580,0.1);
#582=LINE('',#566,#581);
#583=EDGE_CURVE('',#570,#571,#582,.T.);
#584=DIRECTION('',(0.0,-1.0,0.0));
#585=VECTOR('',#584,0.1);
#586=LINE('',#567,#585);
#587=EDGE_CURVE('',#571,#568,#586,.T.);
#588=ORIENTED_EDGE('',$,$,#575,.T.);
#589=ORIENTED_EDGE('',$,$,#579,.T.);
#590=ORIENTED_EDGE('',$,$,#583,.T.);
#591=ORIENTED_EDGE('',$,$,#587,.T.);
#592=EDGE_LOOP('',(#588,#589,#590,#591));
#593=FACE_OUTER_BOUND('',#592,.T.);
#594=ADVANCED_FACE('',(#593),#5,.T.);
#595=CARTESIAN_POINT('',(0.1,0.7,0.0));
#596=CARTESIAN_POINT('',(0.2,0.7,0.0));
#597=CARTESIAN_POINT('',(0.2,0.8,0.0));
#598=CARTESIAN_POINT('',(0.1,0.8,0.0));
#599=VERTEX_POINT('',#595);
#600=VERTEX_POINT('',#596);
#601=VERTEX_POINT('',#597);
#602=VERTEX_POINT('',#598);
#603=DIRECTION('',(1.0,0.0,0.0));
#604=VECTOR('',#603,0.1);
#605=LINE('',#595,#604);
#606=EDGE_CURVE('',#599,#600,#605,.T.);
#607=DIRECTION('',(0.0,1.0,0.0));
#608=VECTOR('',#607,0.1);
#609=LINE('',#596,#608);
#610=EDGE_CURVE('',#600,#601,#609,.T.);
#611=DIRECTION('',(-1.0,0.0,0.0));
#612=VECTOR('',#611,0.1);
#613=LINE('',#597,#612);
#614=EDGE_CURVE('',#601,#602,#613,.T.);
#615=DIRECTION('',(0.0,-1.0,0.0));
#616=VECTOR('',#615,0.1);
#617=LINE('',#598,#616);
#618=EDGE_CURVE('',#602,#599,#617,.T.);
#619=ORIENTED_EDGE('',$,$,#606,.T.);
#620=ORIENTED_EDGE('',$,$,#610,.T.);
#621=ORIENTED_EDGE('',$,$,#614,.T.);
#622=ORIENTED_EDGE('',$,$,#618,.T.);
#623=EDGE_LOOP('',(#619,#620,#621,#622));
#624=FACE_OUTER_BOUND('',#623,.T.);
#625=ADVANCED_FACE('',(#624),#5,.T.);
#626=CARTESIAN_POINT('',(0.1,0.8,0.0));
#627=CARTESIAN_POINT('',(0.2,0.8,0.0));
#628=CARTESIAN_POINT('',(0.2,0.9,0.0));
#629=CARTESIAN_POINT('',(0.1,0.9,0.0));
#630=VERTEX_POINT('',#626);
#631=VERTEX_POINT('',#627);
#632=VERTEX_POINT('',#628);
#633=VERTEX_POINT('',#629);
#634=DIRECTION('',(1.0,0.0,0.0));
#635=VECTOR('',#634,0.1);
#636=LINE('',#626,#635);
#637=EDGE_CURVE('',#630,#631,#636,.T.);
#638=DIRECTION('',(0.0,1.0,0.0));
#639=VECTOR('',#638,0.1);
#640=LINE('',#627,#639);
#641=EDGE_CURVE('',#631,#632,#640,.T.);
#642=DIRECTION('',(-1.0,0.0,0.0));
#643=VECTOR('',#642,0.1);
#644=LINE('',#628,#643);
#645=EDGE_CURVE('',#632,#633,#644,.T.);
#646=DIRECTION('',(0.0,-1.0,0.0));
#647=VECTOR('',#646,0.1);
#648=LINE('',#629,#647);
#649=EDGE_CURVE('',#633,#630,#648,.T.);
#650=ORIENTED_EDGE('',$,$,#637,.T.);
#651=ORIENTED_EDGE('',$,$,#641,.T.);
#652=ORIENTED_EDGE('',$,$,#645,.T.);
#653=ORIENTED_EDGE('',$,$,#649,.T.);
#654=EDGE_LOOP('',(#650,#651,#652,#653));
#655=FACE_OUTER_BOUND('',#654,.T.);
#656=ADVANCED_FACE('',(#655),#5,.T.);
#657=CARTESIAN_POINT('',(0.1,0.9,0.0));
#658=CARTESIAN_POINT('',(0.2,0.9,0.0));
#659=CARTESIAN_POINT('',(0.2,1.0,0.0));
#660=CARTESIAN_POINT('',(0.1,1.0,0.0));
#661=VERTEX_POINT('',#657);
#662=VERTEX_POINT('',#658);
#663=VERTEX_POINT('',#659);
#664=VERTEX_POINT('',#660);
#665=DIRECTION('',(1.0,0.0,0.0));
#666=VECTOR('',#665,0.1);
#667=LINE('',#657,#666);
#668=EDGE_CURVE('',#661,#662,#667,.T.);
#669=DIRECTION('',(0.0,1.0,0.0));
#670=VECTOR('',#669,0.1);
#671=LINE('',#658,#670);
#672=EDGE_CURVE('',#662,#663,#671,.T.);
#673=DIRECTION('',(-1.0,0.0,0.0));
#674=VECTOR('',#673,0.1);
#675=LINE('',#659,#674);
#676=EDGE_CURVE('',#663,#664,#675,.T.);
#677=DIRECTION('',(0.0,-1.0,0.0));
#678=VECTOR('',#677,0.1);
#679=LINE('',#660,#678);
#680=EDGE_CURVE('',#664,#661,#679,.T.);
#681=ORIENTED_EDGE('',$,$,#668,.T.);
#682=ORIENTED_EDGE('',$,$,#672,.T.);
#683=ORIENTED_EDGE('',$,$,#676,.T.);
#684=ORIENTED_EDGE('',$,$,#680,.T.);
#685=EDGE_LOOP('',(#681,#682,#683,#684));
#686=FACE_OUTER_BOUND('',#685,.T.);
#687=ADVANCED_FACE('',(#686),#5,.T.);
#688=CARTESIAN_POINT('',(0.1,1.0,0.0));
#689=CARTESIAN_POINT('',(0.2,1.0,0.0));
#690=CARTESIAN_POINT('',(0.2,1.1,0.0));
#691=CARTESIAN_POINT('',(0.1,1.1,0.0));
#692=VERTEX_POINT('',#688);
#693=VERTEX_POINT('',#689);
#694=VERTEX_POINT('',#690);
#695=VERTEX_POINT('',#691);
#696=DIRECTION('',(1.0,0.0,0.0));
#697=VECTOR('',#696,0.1);
#698=LINE('',#688,#697);
#699=EDGE_CURVE('',#692,#693,#698,.T.);
#700=DIRECTION('',(0.0,1.0,0.0));
#701=VECTOR('',#700,0.1);
#702=LINE('',#689,#701);
#703=EDGE_CURVE('',#693,#694,#702,.T.);
#704=DIRECTION('',(-1.0,0.0,0.0));
#705=VECTOR('',#704,0.1);
#706=LINE('',#690,#705);
#707=EDGE_CURVE('',#694,#695,#706,.T.);
#708=DIRECTION('',(0.0,-1.0,0.0));
#709=VECTOR('',#708,0.1);
#710=LINE('',#691,#709);
#711=EDGE_CURVE('',#695,#692,#710,.T.);
#712=ORIENTED_EDGE('',$,$,#699,.T.);
#713=ORIENTED_EDGE('',$,$,#703,.T.);
#714=ORIENTED_EDGE('',$,$,#707,.T.);
#715=ORIENTED_EDGE('',$,$,#711,.T.);
#716=EDGE_LOOP('',(#712,#713,#714,#715));
#717=FACE_OUTER_BOUND('',#716,.T.);
#718=ADVANCED_FACE('',(#717),#5,.T.);
#719=CARTESIAN_POINT('',(0.1,1.1,0.0));
#720=CARTESIAN_POINT('',(0.2,1.1,0.0));
#721=CARTESIAN_POINT('',(0.2,1.2,0.0));
#722=CARTESIAN_POINT('',(0.1,1.2,0.0));
#723=VERTEX_POINT('',#719);
#724=VERTEX_POINT('',#720);
#725=VERTEX_POINT('',#721);
#726=VERTEX_POINT('',#722);
#727=DIRECTION('',(1.0,0.0,0.0));
#728=VECTOR('',#727,0.1);
#729=LINE('',#719,#728);
#730=EDGE_CURVE('',#723,#724,#729,.T.);
#731=DIRECTION('',(0.0,1.0,0.0));
#732=VECTOR('',#731,0.1);
#733=LINE('',#720,#732);
#734=EDGE_CURVE('',#724,#725,#733,.T.);
#735=DIRECTION('',(-1.0,0.0,0.0));
#736=VECTOR('',#735,0.1);
#737=LINE('',#721,#736);
#738=EDGE_CURVE('',#725,#726,#737,.T.);
#739=DIRECTION('',(0.0,-1.0,0.0));
#740=VECTOR('',#739,0.1);
#741=LINE('',#722,#740);
#742=EDGE_CURVE('',#726,#723,#741,.T.);
#743=ORIENTED_EDGE('',$,$,#730,.T.);
#744=ORIENTED_EDGE('',$,$,#734,.T.);
#745=ORIENTED_EDGE('',$,$,#738,.T.);
#746=ORIENTED_EDGE('',$,$,#742,.T.);
#747=EDGE_LOOP('',(#743,#744,#745,#746));
#748=FACE_OUTER_BOUND('',#747,.T.);
#749=ADVANCED_FACE('',(#748),#5,.T.);
#750=CARTESIAN_POINT('',(0.2,0.0,0.0));
#751=CARTESIAN_POINT('',(0.3,0.0,0.0));
#752=CARTESIAN_POINT('',(0.3,0.1,0.0));
#753=CARTESIAN_POINT('',(0.2,0.1,0.0));
#754=VERTEX_POINT('',#750);
#755=VERTEX_POINT('',#751);
#756=VERTEX_POINT('',#752);
#757=VERTEX_POINT('',#753);
#758=DIRECTION('',(1.0,0.0,0.0));
#759=VECTOR('',#758,0.1);
#760=LINE('',#750,#759);
#761=EDGE_CURVE('',#754,#755,#760,.T.);
#762=DIRECTION('',(0.0,1.0,0.0));
#763=VECTOR('',#762,0.1);
#764=LINE('',#751,#763);
#765=EDGE_CURVE('',#755,#756,#764,.T.);
#766=DIRECTION('',(-1.0,0.0,0.0));
#767=VECTOR('',#766,0.1);
#768=LINE('',#752,#767);
#769=EDGE_CURVE('',#756,#757,#768,.T.);
#770=DIRECTION('',(0.0,-1.0,0.0));
#771=VECTOR('',#770,0.1);
#772=LINE('',#753,#771);
#773=EDGE_CURVE('',#757,#754,#772,.T.);
#774=ORIENTED_EDGE('',$,$,#761,.T.);
#775=ORIENTED_EDGE('',$,$,#765,.T.);
#776=ORIENTED_EDGE('',$,$,#769,.T.);
#777=ORIENTED_EDGE('',$,$,#773,.T.);
#778=EDGE_LOOP('',(#774,#775,#776,#777));
#779=FACE_OUTER_BOUND('',#778,.T.);
#780=ADVANCED_FACE('',(#779),#5,.T.);
#781=CARTESIAN_POINT('',(0.2,0.1,0.0));
#782=CARTESIAN_POINT('',(0.3,0.1,0.0));
#783=CARTESIAN_POINT('',(0.3,0.2,0.0));
#784=CARTESIAN_POINT('',(0.2,0.2,0.0));
#785=VERTEX_POINT('',#781);
#786=VERTEX_POINT('',#782);
#787=VERTEX_POINT('',#783);
#788=VERTEX_POINT('',#784);
#789=DIRECTION('',(1.0,0.0,0.0));
#790=VECTOR('',#789,0.1);
#791=LINE('',#781,#790);
#792=EDGE_CURVE('',#785,#786,#791,.T.);
#793=DIRECTION('',(0.0,1.0,0.0));
#794=VECTOR('',#793,0.1);
#795=LINE('',#782,#794);
#796=EDGE_CURVE('',#786,#787,#795,.T.);
#797=DIRECTION('',(-1.0,0.0,0.0));
#798=VECTOR('',#797,0.1);
#799=LINE('',#783,#798);
#800=EDGE_CURVE('',#787,#788,#799,.T.);
#801=DIRECTION('',(0.0,-1.0,0.0));
#802=VECTOR('',#801,0.1);
#803=LINE('',#784,#802);
#804=EDGE_CURVE('',#788,#785,#803,.T.);
#805=ORIENTED_EDGE('',$,$,#792,.T.);
#806=ORIENTED_EDGE('',$,$,#796,.T.);
#807=ORIENTED_EDGE('',$,$,#800,.T.);
#808=ORIENTED_EDGE('',$,$,#804,.T.);
#809=EDGE_LOOP('',(#805,#806,#807,#808));
#810=FACE_OUTER_BOUND('',#809,.T.);
#811=ADVANCED_FACE('',(#810),#5,.T.);
#812=CARTESIAN_POINT('',(0.2,0.2,0.0));
#813=CARTESIAN_POINT('',(0.3,0.2,0.0));
#814=CARTESIAN_POINT('',(0.3,0.3,0.0));
#815=CARTESIAN_POINT('',(0.2,0.3,0.0));
#816=VERTEX_POINT('',#812);
#817=VERTEX_POINT('',#813);
#818=VERTEX_POINT('',#814);
#819=VERTEX_POINT('',#815);
#820=DIRECTION('',(1.0,0.0,0.0));
#821=VECTOR('',#820,0.1);
#822=LINE('',#812,#821);
#823=EDGE_CURVE('',#816,#817,#822,.T.);
#824=DIRECTION('',(0.0,1.0,0.0));
#825=VECTOR('',#824,0.1);
#826=LINE('',#813,#825);
#827=EDGE_CURVE('',#817,#818,#826,.T.);
#828=DIRECTION('',(-1.0,0.0,0.0));
#829=VECTOR('',#828,0.1);
#830=LINE('',#814,#829);
#831=EDGE_CURVE('',#818,#819,#830,.T.);
#832=DIRECTION('',(0.0,-1.0,0.0));
#833=VECTOR('',#832,0.1);
#834=LINE('',#815,#833);
#835=EDGE_CURVE('',#819,#816,#834,.T.);
#836=ORIENTED_EDGE('',$,$,#823,.T.);
#837=ORIENTED_EDGE('',$,$,#827,.T.);
#838=ORIENTED_EDGE('',$,$,#831,.T.);
#839=ORIENTED_EDGE('',$,$,#835,.T.);
#840=EDGE_LOOP('',(#836,#837,#838,#839));
#841=FACE_OUTER_BOUND('',#840,.T.);
#842=ADVANCED_FACE('',(#841),#5,.T.);
#843=CARTESIAN_POINT('',(0.2,0.3,0.0));
#844=CARTESIAN_POINT('',(0.3,0.3,0.0));
#845=CARTESIAN_POINT('',(0.3,0.4,0.0));
#846=CARTESIAN_POINT('',(0.2,0.4,0.0));
#847=VERTEX_POINT('',#843);
#848=VERTEX_POINT('',#844);
#849=VERTEX_POINT('',#845);
#850=VERTEX_POINT('',#846);
#851=DIRECTION('',(1.0,0.0,0.0));
#852=VECTOR('',#851,0.1);
#853=LINE('',#843,#852);
#854=EDGE_CURVE('',#847,#848,#853,.T.);
#855=DIRECTION('',(0.0,1.0,0.0));
#856=VECTOR('',#855,0.1);
#857=LINE('',#844,#856);
#858=EDGE_CURVE('',#848,#849,#857,.T.);
#859=DIRECTION('',(-1.0,0.0,0.0));
#860=VECTOR('',#859,0.1);
#861=LINE('',#845,#860);
#862=EDGE_CURVE('',#849,#850,#861,.T.);
#863=DIRECTION('',(0.0,-1.0,0.0));
#864=VECTOR('',#863,0.1);
#865=LINE('',#846,#864);
#866=EDGE_CURVE('',#850,#847,#865,.T.);
#867=ORIENTED_EDGE('',$,$,#854,.T.);
#868=ORIENTED_EDGE('',$,$,#858,.T.);
#869=ORIENTED_EDGE('',$,$,#862,.T.);
#870=ORIENTED_EDGE('',$,$,#866,.T.);
#871=EDGE_LOOP('',(#867,#868,#869,#870));
#872=FACE_OUTER_BOUND('',#871,.T.);
#873=ADVANCED_FACE('',(#872),#5,.T.);
#874=CARTESIAN_POINT('',(0.2,0.4,0.0));
#875=CARTESIAN_POINT('',(0.3,0.4,0.0));
#876=CARTESIAN_POINT('',(0.3,0.5,0.0));
#877=CARTESIAN_POINT('',(0.2,0.5,0.0));
#878=VERTEX_POINT('',#874);
#879=VERTEX_POINT('',#875);
#880=VERTEX_POINT('',#876);
#881=VERTEX_POINT('',#877);
#882=DIRECTION('',(1.0,0.0,0.0));
#883=VECTOR('',#882,0.1);
#884=LINE('',#874,#883);
#885=EDGE_CURVE('',#878,#879,#884,.T.);
#886=DIRECTION('',(0.0,1.0,0.0));
#887=VECTOR('',#886,0.1);
#888=LINE('',#875,#887);
#889=EDGE_CURVE('',#879,#880,#888,.T.);
#890=DIRECTION('',(-1.0,0.0,0.0));
#891=VECTOR('',#890,0.1);
#892=LINE('',#876,#891);
#893=EDGE_CURVE('',#880,#881,#892,.T.);
#894=DIRECTION('',(0.0,-1.0,0.0));
#895=VECTOR('',#894,0.1);
#896=LINE('',#877,#895);
#897=EDGE_CURVE('',#881,#878,#896,.T.);
#898=ORIENTED_EDGE('',$,$,#885,.T.);
#899=ORIENTED_EDGE('',$,$,#889,.T.);
#900=ORIENTED_EDGE('',$,$,#893,.T.);
#901=ORIENTED_EDGE('',$,$,#897,.T.);
#902=EDGE_LOOP('',(#898,#899,#900,#901));
#903=FACE_OUTER_BOUND('',#902,.T.);
#904=ADVANCED_FACE('',(#903),#5,.T.);
#905=CARTESIAN_POINT('',(0.2,0.5,0.0));
#906=CARTESIAN_POINT('',(0.3,0.5,0.0));
#907=CARTESIAN_POINT('',(0.3,0.6,0.0));
#908=CARTESIAN_POINT('',(0.2,0.6,0.0));
#909=VERTEX_POINT('',#905);
#910=VERTEX_POINT('',#906);
#911=VERTEX_POINT('',#907);
#912=VERTEX_POINT('',#908);
#913=DIRECTION('',(1.0,0.0,0.0));
#914=VECTOR('',#913,0.1);
#915=LINE('',#905,#914);
#916=EDGE_CURVE('',#909,#910,#915,.T.);
#917=DIRECTION('',(0.0,1.0,0.0));
#918=VECTOR('',#917,0.1);
#919=LINE('',#906,#918);
#920=EDGE_CURVE('',#910,#911,#919,.T.);
#921=DIRECTION('',(-1.0,0.0,0.0));
#922=VECTOR('',#921,0.1);
#923=LINE('',#907,#922);
#924=EDGE_CURVE('',#911,#912,#923,.T.);
#925=DIRECTION('',(0.0,-1.0,0.0));
#926=VECTOR('',#925,0.1);
#927=LINE('',#908,#926);
#928=EDGE_CURVE('',#912,#909,#927,.T.);
#929=ORIENTED_EDGE('',$,$,#916,.T.);
#930=ORIENTED_EDGE('',$,$,#920,.T.);
#931=ORIENTED_EDGE('',$,$,#924,.T.);
#932=ORIENTED_EDGE('',$,$,#928,.T.);
#933=EDGE_LOOP('',(#929,#930,#931,#932));
#934=FACE_OUTER_BOUND('',#933,.T.);
#935=ADVANCED_FACE('',(#934),#5,.T.);
#936=CARTESIAN_POINT('',(0.2,0.6,0.0));
#937=CARTESIAN_POINT('',(0.3,0.6,0.0));
#938=CARTESIAN_POINT('',(0.3,0.7,0.0));
#939=CARTESIAN_POINT('',(0.2,0.7,0.0));
#940=VERTEX_POINT('',#936);
#941=VERTEX_POINT('',#937);
#942=VERTEX_POINT('',#938);
#943=VERTEX_POINT('',#939);
#944=DIRECTION('',(1.0,0.0,0.0));
#945=VECTOR('',#944,0.1);
#946=LINE('',#936,#945);
#947=EDGE_CURVE('',#940,#941,#946,.T.);
#948=DIRECTION('',(0.0,1.0,0.0));
#949=VECTOR('',#948,0.1);
#950=LINE('',#937,#949);
#951=EDGE_CURVE('',#941,#942,#950,.T.);
#952=DIRECTION('',(-1.0,0.0,0.0));
#953=VECTOR('',#952,0.1);
#954=LINE('',#938,#953);
#955=EDGE_CURVE('',#942,#943,#954,.T.);
#956=DIRECTION('',(0.0,-1.0,0.0));
#957=VECTOR('',#956,0.1);
#958=LINE('',#939,#957);
#959=EDGE_CURVE('',#943,#940,#958,.T.);
#960=ORIENTED_EDGE('',$,$,#947,.T.);
#961=ORIENTED_EDGE('',$,$,#951,.T.);
#962=ORIENTED_EDGE('',$,$,#955,.T.);
#963=ORIENTED_EDGE('',$,$,#959,.T.);
#964=EDGE_LOOP('',(#960,#961,#962,#963));
#965=FACE_OUTER_BOUND('',#964,.T.);
#966=ADVANCED_FACE('',(#965),#5,.T.);
#967=CARTESIAN_POINT('',(0.2,0.7,0.0));
#968=CARTESIAN_POINT('',(0.3,0.7,0.0));
#969=CARTESIAN_POINT('',(0.3,0.8,0.0));
#970=CARTESIAN_POINT('',(0.2,0.8,0.0));
#971=VERTEX_POINT('',#967);
#972=VERTEX_POINT('',#968);
#973=VERTEX_POINT('',#969);
#974=VERTEX_POINT('',#970);
#975=DIRECTION('',(1.0,0.0,0.0));
#976=VECTOR('',#975,0.1);
#977=LINE('',#967,#976);
#978=EDGE_CURVE('',#971,#972,#977,.T.);
#979=DIRECTION('',(0.0,1.0,0.0));
#980=VECTOR('',#979,0.1);
#981=LINE('',#968,#980);
#982=EDGE_CURVE('',#972,#973,#981,.T.);
#983=DIRECTION('',(-1.0,0.0,0.0));
#984=VECTOR('',#983,0.1);
#985=LINE('',#969,#984);
#986=EDGE_CURVE('',#973,#974,#985,.T.);
#987=DIRECTION('',(0.0,-1.0,0.0));
#988=VECTOR('',#987,0.1);
#989=LINE('',#970,#988);
#990=EDGE_CURVE('',#974,#971,#989,.T.);
#991=ORIENTED_EDGE('',$,$,#978,.T.);
#992=ORIENTED_EDGE('',$,$,#982,.T.);
#993=ORIENTED_EDGE('',$,$,#986,.T.);
#994=ORIENTED_EDGE('',$,$,#990,.T.);
#995=EDGE_LOOP('',(#991,#992,#993,#994));
#996=FACE_OUTER_BOUND('',#995,.T.);
#997=ADVANCED_FACE('',(#996),#5,.T.);
#998=CARTESIAN_POINT('',(0.2,0.8,0.0));
#999=CARTESIAN_POINT('',(0.3,0.8,0.0));
#1000=CARTESIAN_POINT('',(0.3,0.9,0.0));
#1001=CARTESIAN_POINT('',(0.2,0.9,0.0));
#1002=VERTEX_POINT('',#998);
#1003=VERTEX_POINT('',#999);
#1004=VERTEX_POINT('',#1000);
#1005=VERTEX_POINT('',#1001);
#1006=DIRECTION('',(1.0,0.0,0.0));
#1007=VECTOR('',#1006,0.1);
#1008=LINE('',#998,#1007);
#1009=EDGE_CURVE('',#1002,#1003,#1008,.T.);
#1010=DIRECTION('',(0.0,1.0,0.0));
#1011=VECTOR('',#1010,0.1);
#1012=LINE('',#999,#1011);
#1013=EDGE_CURVE('',#1003,#1004,#1012,.T.);
#1014=DIRECTION('',(-1.0,0.0,0.0));
#1015=VECTOR('',#1014,0.1);
#1016=LINE('',#1000,#1015);
#1017=EDGE_CURVE('',#1004,#1005,#1016,.T.);
#1018=DIRECTION('',(0.0,-1.0,0.0));
#1019=VECTOR('',#1018,0.1);
#1020=LINE('',#1001,#1019);
#1021=EDGE_CURVE('',#1005,#1002,#1020,.T.);
#1022=ORIENTED_EDGE('',$,$,#1009,.T.);
#1023=ORIENTED_EDGE('',$,$,#1013,.T.);
#1024=ORIENTED_EDGE('',$,$,#1017,.T.);
#1025=ORIENTED_EDGE('',$,$,#1021,.T.);
#1026=EDGE_LOOP('',(#1022,#1023,#1024,#1025));
#1027=FACE_OUTER_BOUND('',#1026,.T.);
#1028=ADVANCED_FACE('',(#1027),#5,.T.);
#1029=CARTESIAN_POINT('',(0.2,0.9,0.0));
#1030=CARTESIAN_POINT('',(0.3,0.9,0.0));
#1031=CARTESIAN_POINT('',(0.3,1.0,0.0));
#1032=CARTESIAN_POINT('',(0.2,1.0,0.0));
#1033=VERTEX_POINT('',#1029);
#1034=VERTEX_POINT('',#1030);
#1035=VERTEX_POINT('',#1031);
#1036=VERTEX_POINT('',#1032);
#1037=DIRECTION('',(1.0,0.0,0.0));
#1038=VECTOR('',#1037,0.1);
#1039=LINE('',#1029,#1038);
#1040=EDGE_CURVE('',#1033,#1034,#1039,.T.);
#1041=DIRECTION('',(0.0,1.0,0.0));
#1042=VECTOR('',#1041,0.1);
#1043=LINE('',#1030,#1042);
#1044=EDGE_CURVE('',#1034,#1035,#1043,.T.);
#1045=DIRECTION('',(-1.0,0.0,0.0));
#1046=VECTOR('',#1045,0.1);
#1047=LINE('',#1031,#1046);
#1048=EDGE_CURVE('',#1035,#1036,#1047,.T.);
#1049=DIRECTION('',(0.0,-1.0,0.0));
#1050=VECTOR('',#1049,0.1);
#1051=LINE('',#1032,#1050);
#1052=EDGE_CURVE('',#1036,#1033,#1051,.T.);
#1053=ORIENTED_EDGE('',$,$,#1040,.T.);
#1054=ORIENTED_EDGE('',$,$,#1044,.T.);
#1055=ORIENTED_EDGE('',$,$,#1048,.T.);
#1056=ORIENTED_EDGE('',$,$,#1052,.T.);
#1057=EDGE_LOOP('',(#1053,#1054,#1055,#1056));
#1058=FACE_OUTER_BOUND('',#1057,.T.);
#1059=ADVANCED_FACE('',(#1058),#5,.T.);
#1060=CARTESIAN_POINT('',(0.2,1.0,0.0));
#1061=CARTESIAN_POINT('',(0.3,1.0,0.0));
#1062=CARTESIAN_POINT('',(0.3,1.1,0.0));
#1063=CARTESIAN_POINT('',(0.2,1.1,0.0));
#1064=VERTEX_POINT('',#1060);
#1065=VERTEX_POINT('',#1061);
#1066=VERTEX_POINT('',#1062);
#1067=VERTEX_POINT('',#1063);
#1068=DIRECTION('',(1.0,0.0,0.0));
#1069=VECTOR('',#1068,0.1);
#1070=LINE('',#1060,#1069);
#1071=EDGE_CURVE('',#1064,#1065,#1070,.T.);
#1072=DIRECTION('',(0.0,1.0,0.0));
#1073=VECTOR('',#1072,0.1);
#1074=LINE('',#1061,#1073);
#1075=EDGE_CURVE('',#1065,#1066,#1074,.T.);
#1076=DIRECTION('',(-1.0,0.0,0.0));
#1077=VECTOR('',#1076,0.1);
#1078=LINE('',#1062,#1077);
#1079=EDGE_CURVE('',#1066,#1067,#1078,.T.);
#1080=DIRECTION('',(0.0,-1.0,0.0));
#1081=VECTOR('',#1080,0.1);
#1082=LINE('',#1063,#1081);
#1083=EDGE_CURVE('',#1067,#1064,#1082,.T.);
#1084=ORIENTED_EDGE('',$,$,#1071,.T.);
#1085=ORIENTED_EDGE('',$,$,#1075,.T.);
#1086=ORIENTED_EDGE('',$,$,#1079,.T.);
#1087=ORIENTED_EDGE('',$,$,#1083,.T.);
#1088=EDGE_LOOP('',(#1084,#1085,#1086,#1087));
#1089=FACE_OUTER_BOUND('',#1088,.T.);
#1090=ADVANCED_FACE('',(#1089),#5,.T.);
#1091=CARTESIAN_POINT('',(0.2,1.1,0.0));
#1092=CARTESIAN_POINT('',(0.3,1.1,0.0));
#1093=CARTESIAN_POINT('',(0.3,1.2,0.0));
#1094=CARTESIAN_POINT('',(0.2,1.2,0.0));
#1095=VERTEX_POINT('',#1091);
#1096=VERTEX_POINT('',#1092);
#1097=VERTEX_POINT('',#1093);
#1098=VERTEX_POINT('',#1094);
#1099=DIRECTION('',(1.0,0.0,0.0));
#1100=VECTOR('',#1099,0.1);
#1101=LINE('',#1091,#1100);
#1102=EDGE_CURVE('',#1095,#1096,#1101,.T.);
#1103=DIRECTION('',(0.0,1.0,0.0));
#1104=VECTOR('',#1103,0.1);
#1105=LINE('',#1092,#1104);
#1106=EDGE_CURVE('',#1096,#1097,#1105,.T.);
#1107=DIRECTION('',(-1.0,0.0,0.0));
#1108=VECTOR('',#1107,0.1);
#1109=LINE('',#1093,#1108);
#1110=EDGE_CURVE('',#1097,#1098,#1109,.T.);
#1111=DIRECTION('',(0.0,-1.0,0.0));
#1112=VECTOR('',#1111,0.1);
#1113=LINE('',#1094,#1112);
#1114=EDGE_CURVE('',#1098,#1095,#1113,.T.);
#1115=ORIENTED_EDGE('',$,$,#1102,.T.);
#1116=ORIENTED_EDGE('',$,$,#1106,.T.);
#1117=ORIENTED_EDGE('',$,$,#1110,.T.);
#1118=ORIENTED_EDGE('',$,$,#1114,.T.);
#1119=EDGE_LOOP('',(#1115,#1116,#1117,#1118));
#1120=FACE_OUTER_BOUND('',#1119,.T.);
#1121=ADVANCED_FACE('',(#1120),#5,.T.);
#1122=CARTESIAN_POINT('',(0.3,0.0,0.0));
#1123=CARTESIAN_POINT('',(0.4,0.0,0.0));
#1124=CARTESIAN_POINT('',(0.4,0.1,0.0));
#1125=CARTESIAN_POINT('',(0.3,0.1,0.0));
#1126=VERTEX_POINT('',#1122);
#1127=VERTEX_POINT('',#1123);
#1128=VERTEX_POINT('',#1124);
#1129=VERTEX_POINT('',#1125);
#1130=DIRECTION('',(1.0,0.0,0.0));
#1131=VECTOR('',#1130,0.1);
#1132=LINE('',#1122,#1131);
#1133=EDGE_CURVE('',#1126,#1127,#1132,.T.);
#1134=DIRECTION('',(0.0,1.0,0.0));
#1135=VECTOR('',#1134,0.1);
#1136=LINE('',#1123,#1135);
#1137=EDGE_CURVE('',#1127,#1128,#1136,.T.);
#1138=DIRECTION('',(-1.0,0.0,0.0));
#1139=VECTOR('',#1138,0.1);
#1140=LINE('',#1124,#1139);
#1141=EDGE_CURVE('',#1128,#1129,#1140,.T.);
#1142=DIRECTION('',(0.0,-1.0,0.0));
#1143=VECTOR('',#1142,0.1);
#1144=LINE('',#1125,#1143);
#1145=EDGE_CURVE('',#1129,#1126,#1144,.T.);
#1146=ORIENTED_EDGE('',$,$,#1133,.T.);
#1147=ORIENTED_EDGE('',$,$,#1137,.T.);
#1148=ORIENTED_EDGE('',$,$,#1141,.T.);
#1149=ORIENTED_EDGE('',$,$,#1145,.T.);
#1150=EDGE_LOOP('',(#1146,#1147,#1148,#1149));
#1151=FACE_OUTER_BOUND('',#1150,.T.);
#1152=ADVANCED_FACE('',(#1151),#5,.T.);
#1153=CARTESIAN_POINT('',(0.3,0.1,0.0));
#1154=CARTESIAN_POINT('',(0.4,0.1,0.0));
#1155=CARTESIAN_POINT('',(0.4,0.2,0.0));
#1156=CARTESIAN_POINT('',(0.3,0.2,0.0));
#1157=VERTEX_POINT('',#1153);
#1158=VERTEX_POINT('',#1154);
#1159=VERTEX_POINT('',#1155);
#1160=VERTEX_POINT('',#1156);
#1161=DIRECTION('',(1.0,0.0,0.0));
#1162=VECTOR('',#1161,0.1);
#1163=LINE('',#1153,#1162);
#1164=EDGE_CURVE('',#1157,#1158,#1163,.T.);
#1165=DIRECTION('',(0.0,1.0,0.0));
#1166=VECTOR('',#1165,0.1);
#1167=LINE('',#1154,#1166);
#1168=EDGE_CURVE('',#1158,#1159,#1167,.T.);
#1169=DIRECTION('',(-1.0,0.0,0.0));
#1170=VECTOR('',#1169,0.1);
#1171=LINE('',#1155,#1170);
#1172=EDGE_CURVE('',#1159,#1160,#1171,.T.);
#1173=DIRECTION('',(0.0,-1.0,0.0));
#1174=VECTOR('',#1173,0.1);
#1175=LINE('',#1156,#1174);
#1176=EDGE_CURVE('',#1160,#1157,#1175,.T.);
#1177=ORIENTED_EDGE('',$,$,#1164,.T.);
#1178=ORIENTED_EDGE('',$,$,#1168,.T.);
#1179=ORIENTED_EDGE('',$,$,#1172,.T.);
#1180=ORIENTED_EDGE('',$,$,#1176,.T.);
#1181=EDGE_LOOP('',(#1177,#1178,#1179,#1180));
#1182=FACE_OUTER_BOUND('',#1181,.T.);
#1183=ADVANCED_FACE('',(#1182),#5,.T.);
#1184=CARTESIAN_POINT('',(0.3,0.2,0.0));
#1185=CARTESIAN_POINT('',(0.4,0.2,0.0));
#1186=CARTESIAN_POINT('',(0.4,0.3,0.0));
#1187=CARTESIAN_POINT('',(0.3,0.3,0.0));
#1188=VERTEX_POINT('',#1184);
#1189=VERTEX_POINT('',#1185);
#1190=VERTEX_POINT('',#1186);
#1191=VERTEX_POINT('',#1187);
#1192=DIRECTION('',(1.0,0.0,0.0));
#1193=VECTOR('',#1192,0.1);
#1194=LINE('',#1184,#1193);
#1195=EDGE_CURVE('',#1188,#1189,#1194,.T.);
#1196=DIRECTION('',(0.0,1.0,0.0));
#1197=VECTOR('',#1196,0.1);
#1198=LINE('',#1185,#1197);
#1199=EDGE_CURVE('',#1189,#1190,#1198,.T.);
#1200=DIRECTION('',(-1.0,0.0,0.0));
#1201=VECTOR('',#1200,0.1);
#1202=LINE('',#1186,#1201);
#1203=EDGE_CURVE('',#1190,#1191,#1202,.T.);
#1204=DIRECTION('',(0.0,-1.0,0.0));
#1205=VECTOR('',#1204,0.1);
#1206=LINE('',#1187,#1205);
#1207=EDGE_CURVE('',#1191,#1188,#1206,.T.);
#1208=ORIENTED_EDGE('',$,$,#1195,.T.);
#1209=ORIENTED_EDGE('',$,$,#1199,.T.);
#1210=ORIENTED_EDGE('',$,$,#1203,.T.);
#1211=ORIENTED_EDGE('',$,$,#1207,.T.);
#1212=EDGE_LOOP('',(#1208,#1209,#1210,#1211));
#1213=FACE_OUTER_BOUND('',#1212,.T.);
#1214=ADVANCED_FACE('',(#1213),#5,.T.);
#1215=CARTESIAN_POINT('',(0.3,0.3,0.0));
#1216=CARTESIAN_POINT('',(0.4,0.3,0.0));
#1217=CARTESIAN_POINT('',(0.4,0.4,0.0));
#1218=CARTESIAN_POINT('',(0.3,0.4,0.0));
#1219=VERTEX_POINT('',#1215);
#1220=VERTEX_POINT('',#1216);
#1221=VERTEX_POINT('',#1217);
#1222=VERTEX_POINT('',#1218);
#1223=DIRECTION('',(1.0,0.0,0.0));
#1224=VECTOR('',#1223,0.1);
#1225=LINE('',#1215,#1224);
#1226=EDGE_CURVE('',#1219,#1220,#1225,.T.);
#1227=DIRECTION('',(0.0,1.0,0.0));
#1228=VECTOR('',#1227,0.1);
#1229=LINE('',#1216,#1228);
#1230=EDGE_CURVE('',#1220,#1221,#1229,.T.);
#1231=DIRECTION('',(-1.0,0.0,0.0));
#1232=VECTOR('',#1231,0.1);
#1233=LINE('',#1217,#1232);
#1234=EDGE_CURVE('',#1221,#1222,#1233,.T.);
#1235=DIRECTION('',(0.0,-1.0,0.0));
#1236=VECTOR('',#1235,0.1);
#1237=LINE('',#1218,#1236);
#1238=EDGE_CURVE('',#1222,#1219,#1237,.T.);
#1239=ORIENTED_EDGE('',$,$,#1226,.T.);
#1240=ORIENTED_EDGE('',$,$,#1230,.T.);
#1241=ORIENTED_EDGE('',$,$,#1234,.T.);
#1242=ORIENTED_EDGE('',$,$,#1238,.T.);
#1243=EDGE_LOOP('',(#1239,#1240,#1241,#1242));
#1244=FACE_OUTER_BOUND('',#1243,.T.);
#1245=ADVANCED_FACE('',(#1244),#5,.T.);
#1246=CARTESIAN_POINT('',(0.3,0.4,0.0));
#1247=CARTESIAN_POINT('',(0.4,0.4,0.0));
#1248=CARTESIAN_POINT('',(0.4,0.5,0.0));
#1249=CARTESIAN_POINT('',(0.3,0.5,0.0));
#1250=VERTEX_POINT('',#1246);
#1251=VERTEX_POINT('',#1247);
#1252=VERTEX_POINT('',#1248);
#1253=VERTEX_POINT('',#1249);
#1254=DIRECTION('',(1.0,0.0,0.0));
#1255=VECTOR('',#1254,0.1);
#1256=LINE('',#1246,#1255);
#1257=EDGE_CURVE('',#1250,#1251,#1256,.T.);
#1258=DIRECTION('',(0.0,1.0,0.0));
#1259=VECTOR('',#1258,0.1);
#1260=LINE('',#1247,#1259);
#1261=EDGE_CURVE('',#1251,#1252,#1260,.T.);
#1262=DIRECTION('',(-1.0,0.0,0.0));
#1263=VECTOR('',#1262,0.1);
#1264=LINE('',#1248,#1263);
#1265=EDGE_CURVE('',#1252,#1253,#1264,.T.);
#1266=DIRECTION('',(0.0,-1.0,0.0));
#1267=VECTOR('',#1266,0.1);
#1268=LINE('',#1249,#1267);
#1269=EDGE_CURVE('',#1253,#1250,#1268,.T.);
#1270=ORIENTED_EDGE('',$,$,#1257,.T.);
#1271=ORIENTED_EDGE('',$,$,#1261,.T.);
#1272=ORIENTED_EDGE('',$,$,#1265,.T.);
#1273=ORIENTED_EDGE('',$,$,#1269,.T.);
#1274=EDGE_LOOP('',(#1270,#1271,#1272,#1273));
#1275=FACE_OUTER_BOUND('',#1274,.T.);
#1276=ADVANCED_FACE('',(#1275),#5,.T.);
#1277=CARTESIAN_POINT('',(0.3,0.5,0.0));
#1278=CARTESIAN_POINT('',(0.4,0.5,0.0));
#1279=CARTESIAN_POINT('',(0.4,0.6,0.0));
#1280=CARTESIAN_POINT('',(0.3,0.6,0.0));
#1281=VERTEX_POINT('',#1277);
#1282=VERTEX_POINT('',#1278);
#1283=VERTEX_POINT('',#1279);
#1284=VERTEX_POINT('',#1280);
#1285=DIRECTION('',(1.0,0.0,0.0));
#1286=VECTOR('',#1285,0.1);
#1287=LINE('',#1277,#1286);
#1288=EDGE_CURVE('',#1281,#1282,#1287,.T.);
#1289=DIRECTION('',(0.0,1.0,0.0));
#1290=VECTOR('',#1289,0.1);
#1291=LINE('',#1278,#1290);
#1292=EDGE_CURVE('',#1282,#1283,#1291,.T.);
#1293=DIRECTION('',(-1.0,0.0,0.0));
#1294=VECTOR('',#1293,0.1);
#1295=LINE('',#1279,#1294);
#1296=EDGE_CURVE('',#1283,#1284,#1295,.T.);
#1297=DIRECTION('',(0.0,-1.0,0.0));
#1298=VECTOR('',#1297,0.1);
#1299=LINE('',#1280,#1298);
#1300=EDGE_CURVE('',#1284,#1281,#1299,.T.);
#1301=ORIENTED_EDGE('',$,$,#1288,.T.);
#1302=ORIENTED_EDGE('',$,$,#1292,.T.);
#1303=ORIENTED_EDGE('',$,$,#1296,.T.);
#1304=ORIENTED_EDGE('',$,$,#1300,.T.);
#1305=EDGE_LOOP('',(#1301,#1302,#1303,#1304));
#1306=FACE_OUTER_BOUND('',#1305,.T.);
#1307=ADVANCED_FACE('',(#1306),#5,.T.);
#1308=CARTESIAN_POINT('',(0.3,0.6,0.0));
#1309=CARTESIAN_POINT('',(0.4,0.6,0.0));
#1310=CARTESIAN_POINT('',(0.4,0.7,0.0));
#1311=CARTESIAN_POINT('',(0.3,0.7,0.0));
#1312=VERTEX_POINT('',#1308);
#1313=VERTEX_POINT('',#1309);
#1314=VERTEX_POINT('',#1310);
#1315=VERTEX_POINT('',#1311);
#1316=DIRECTION('',(1.0,0.0,0.0));
#1317=VECTOR('',#1316,0.1);
#1318=LINE('',#1308,#1317);
#1319=EDGE_CURVE('',#1312,#1313,#1318,.T.);
#1320=DIRECTION('',(0.0,1.0,0.0));
#1321=VECTOR('',#1320,0.1);
#1322=LINE('',#1309,#1321);
#1323=EDGE_CURVE('',#1313,#1314,#1322,.T.);
#1324=DIRECTION('',(-1.0,0.0,0.0));
#1325=VECTOR('',#1324,0.1);
#1326=LINE('',#1310,#1325);
#1327=EDGE_CURVE('',#1314,#1315,#1326,.T.);
#1328=DIRECTION('',(0.0,-1.0,0.0));
#1329=VECTOR('',#1328,0.1);
#1330=LINE('',#1311,#1329);
#1331=EDGE_CURVE('',#1315,#1312,#1330,.T.);
#1332=ORIENTED_EDGE('',$,$,#1319,.T.);
#1333=ORIENTED_EDGE('',$,$,#1323,.T.);
#1334=ORIENTED_EDGE('',$,$,#1327,.T.);
#1335=ORIENTED_EDGE('',$,$,#1331,.T.);
#1336=EDGE_LOOP('',(#1332,#1333,#1334,#1335));
#1337=FACE_OUTER_BOUND('',#1336,.T.);
#1338=ADVANCED_FACE('',(#1337),#5,.T.);
#1339=CARTESIAN_POINT('',(0.3,0.7,0.0));
#1340=CARTESIAN_POINT('',(0.4,0.7,0.0));
#1341=CARTESIAN_POINT('',(0.4,0.8,0.0));
#1342=CARTESIAN_POINT('',(0.3,0.8,0.0));
#1343=VERTEX_POINT('',#1339);
#1344=VERTEX_POINT('',#1340);
#1345=VERTEX_POINT('',#1341);
#1346=VERTEX_POINT('',#1342);
#1347=DIRECTION('',(1.0,0.0,0.0));
#1348=VECTOR('',#1347,0.1);
#1349=LINE('',#1339,#1348);
#1350=EDGE_CURVE('',#1343,#1344,#1349,.T.);
#1351=DIRECTION('',(0.0,1.0,0.0));
#1352=VECTOR('',#1351,0.1);
#1353=LINE('',#1340,#1352);
#1354=EDGE_CURVE('',#1344,#1345,#1353,.T.);
#1355=DIRECTION('',(-1.0,0.0,0.0));
#1356=VECTOR('',#1355,0.1);
#1357=LINE('',#1341,#1356);
#1358=EDGE_CURVE('',#1345,#1346,#1357,.T.);
#1359=DIRECTION('',(0.0,-1.0,0.0));
#1360=VECTOR('',#1359,0.1);
#1361=LINE('',#1342,#1360);
#1362=EDGE_CURVE('',#1346,#1343,#1361,.T.);
#1363=ORIENTED_EDGE('',$,$,#1350,.T.);
#1364=ORIENTED_EDGE('',$,$,#1354,.T.);
#1365=ORIENTED_EDGE('',$,$,#1358,.T.);
#1366=ORIENTED_EDGE('',$,$,#1362,.T.);
#1367=EDGE_LOOP('',(#1363,#1364,#1365,#1366));
#1368=FACE_OUTER_BOUND('',#1367,.T.);
#1369=ADVANCED_FACE('',(#1368),#5,.T.);
#1370=CARTESIAN_POINT('',(0.3,0.8,0.0));
#1371=CARTESIAN_POINT('',(0.4,0.8,0.0));
#1372=CARTESIAN_POINT('',(0.4,0.9,0.0));
#1373=CARTESIAN_POINT('',(0.3,0.9,0.0));
#1374=VERTEX_POINT('',#1370);
#1375=VERTEX_POINT('',#1371);
#1376=VERTEX_POINT('',#1372);
#1377=VERTEX_POINT('',#1373);
#1378=DIRECTION('',(1.0,0.0,0.0));
#1379=VECTOR('',#1378,0.1);
#1380=LINE('',#1370,#1379);
#1381=EDGE_CURVE('',#1374,#1375,#1380,.T.);
#1382=DIRECTION('',(0.0,1.0,0.0));
#1383=VECTOR('',#1382,0.1);
#1384=LINE('',#1371,#1383);
#1385=EDGE_CURVE('',#1375,#1376,#1384,.T.);
#1386=DIRECTION('',(-1.0,0.0,0.0));
#1387=VECTOR('',#1386,0.1);
#1388=LINE('',#1372,#1387);
#1389=EDGE_CURVE('',#1376,#1377,#1388,.T.);
#1390=DIRECTION('',(0.0,-1.0,0.0));
#1391=VECTOR('',#1390,0.1);
#1392=LINE('',#1373,#1391);
#1393=EDGE_CURVE('',#1377,#1374,#1392,.T.);
#1394=ORIENTED_EDGE('',$,$,#1381,.T.);
#1395=ORIENTED_EDGE('',$,$,#1385,.T.);
#1396=ORIENTED_EDGE('',$,$,#1389,.T.);
#1397=ORIENTED_EDGE('',$,$,#1393,.T.);
#1398=EDGE_LOOP('',(#1394,#1395,#1396,#1397));
#1399=FACE_OUTER_BOUND('',#1398,.T.);
#1400=ADVANCED_FACE('',(#1399),#5,.T.);
#1401=CARTESIAN_POINT('',(0.3,0.9,0.0));
#1402=CARTESIAN_POINT('',(0.4,0.9,0.0));
#1403=CARTESIAN_POINT('',(0.4,1.0,0.0));
#1404=CARTESIAN_POINT('',(0.3,1.0,0.0));
#1405=VERTEX_POINT('',#1401);
#1406=VERTEX_POINT('',#1402);
#1407=VERTEX_POINT('',#1403);
#1408=VERTEX_POINT('',#1404);
#1409=DIRECTION('',(1.0,0.0,0.0));
#1410=VECTOR('',#1409,0.1);
#1411=LINE('',#1401,#1410);
#1412=EDGE_CURVE('',#1405,#1406,#1411,.T.);
#1413=DIRECTION('',(0.0,1.0,0.0));
#1414=VECTOR('',#1413,0.1);
#1415=LINE('',#1402,#1414);
#1416=EDGE_CURVE('',#1406,#1407,#1415,.T.);
#1417=DIRECTION('',(-1.0,0.0,0.0));
#1418=VECTOR('',#1417,0.1);
#1419=LINE('',#1403,#1418);
#1420=EDGE_CURVE('',#1407,#1408,#1419,.T.);
#1421=DIRECTION('',(0.0,-1.0,0.0));
#1422=VECTOR('',#1421,0.1);
#1423=LINE('',#1404,#1422);
#1424=EDGE_CURVE('',#1408,#1405,#1423,.T.);
#1425=ORIENTED_EDGE('',$,$,#1412,.T.);
#1426=ORIENTED_EDGE('',$,$,#1416,.T.);
#1427=ORIENTED_EDGE('',$,$,#1420,.T.);
#1428=ORIENTED_EDGE('',$,$,#1424,.T.);
#1429=EDGE_LOOP('',(#1425,#1426,#1427,#1428));
#1430=FACE_OUTER_BOUND('',#1429,.T.);
#1431=ADVANCED_FACE('',(#1430),#5,.T.);
#1432=CARTESIAN_POINT('',(0.3,1.0,0.0));
#1433=CARTESIAN_POINT('',(0.4,1.0,0.0));
#1434=CARTESIAN_POINT('',(0.4,1.1,0.0));
#1435=CARTESIAN_POINT('',(0.3,1.1,0.0));
#1436=VERTEX_POINT('',#1432);
#1437=VERTEX_POINT('',#1433);
#1438=VERTEX_POINT('',#1434);
#1439=VERTEX_POINT('',#1435);
#1440=DIRECTION('',(1.0,0.0,0.0));
#1441=VECTOR('',#1440,0.1);
#1442=LINE('',#1432,#1441);
#1443=EDGE_CURVE('',#1436,#1437,#1442,.T.);
#1444=DIRECTION('',(0.0,1.0,0.0));
#1445=VECTOR('',#1444,0.1);
#1446=LINE('',#1433,#1445);
#1447=EDGE_CURVE('',#1437,#1438,#1446,.T.);
#1448=DIRECTION('',(-1.0,0.0,0.0));
#1449=VECTOR('',#1448,0.1);
#1450=LINE('',#1434,#1449);
#1451=EDGE_CURVE('',#1438,#1439,#1450,.T.);
#1452=DIRECTION('',(0.0,-1.0,0.0));
#1453=VECTOR('',#1452,0.1);
#1454=LINE('',#1435,#1453);
#1455=EDGE_CURVE('',#1439,#1436,#1454,.T.);
#1456=ORIENTED_EDGE('',$,$,#1443,.T.);
#1457=ORIENTED_EDGE('',$,$,#1447,.T.);
#1458=ORIENTED_EDGE('',$,$,#1451,.T.);
#1459=ORIENTED_EDGE('',$,$,#1455,.T.);
#1460=EDGE_LOOP('',(#1456,#1457,#1458,#1459));
#1461=FACE_OUTER_BOUND('',#1460,.T.);
#1462=ADVANCED_FACE('',(#1461),#5,.T.);
#1463=CARTESIAN_POINT('',(0.3,1.1,0.0));
#1464=CARTESIAN_POINT('',(0.4,1.1,0.0));
#1465=CARTESIAN_POINT('',(0.4,1.2,0.0));
#1466=CARTESIAN_POINT('',(0.3,1.2,0.0));
#1467=VERTEX_POINT('',#1463);
#1468=VERTEX_POINT('',#1464);
#1469=VERTEX_POINT('',#1465);
#1470=VERTEX_POINT('',#1466);
#1471=DIRECTION('',(1.0,0.0,0.0));
#1472=VECTOR('',#1471,0.1);
#1473=LINE('',#1463,#1472);
#1474=EDGE_CURVE('',#1467,#1468,#1473,.T.);
#1475=DIRECTION('',(0.0,1.0,0.0));
#1476=VECTOR('',#1475,0.1);
#1477=LINE('',#1464,#1476);
#1478=EDGE_CURVE('',#1468,#1469,#1477,.T.);
#1479=DIRECTION('',(-1.0,0.0,0.0));
#1480=VECTOR('',#1479,0.1);
#1481=LINE('',#1465,#1480);
#1482=EDGE_CURVE('',#1469,#1470,#1481,.T.);
#1483=DIRECTION('',(0.0,-1.0,0.0));
#1484=VECTOR('',#1483,0.1);
#1485=LINE('',#1466,#1484);
#1486=EDGE_CURVE('',#1470,#1467,#1485,.T.);
#1487=ORIENTED_EDGE('',$,$,#1474,.T.);
#1488=ORIENTED_EDGE('',$,$,#1478,.T.);
#1489=ORIENTED_EDGE('',$,$,#1482,.T.);
#1490=ORIENTED_EDGE('',$,$,#1486,.T.);
#1491=EDGE_LOOP('',(#1487,#1488,#1489,#1490));
#1492=FACE_OUTER_BOUND('',#1491,.T.);
#1493=ADVANCED_FACE('',(#1492),#5,.T.);
#1494=CARTESIAN_POINT('',(0.4,0.0,0.0));
#1495=CARTESIAN_POINT('',(0.5,0.0,0.0));
#1496=CARTESIAN_POINT('',(0.5,0.1,0.0));
#1497=CARTESIAN_POINT('',(0.4,0.1,0.0));
#1498=VERTEX_POINT('',#1494);
#1499=VERTEX_POINT('',#1495);
#1500=VERTEX_POINT('',#1496);
#1501=VERTEX_POINT('',#1497);
#1502=DIRECTION('',(1.0,0.0,0.0));
#1503=VECTOR('',#1502,0.1);
#1504=LINE('',#1494,#1503);
#1505=EDGE_CURVE('',#1498,#1499,#1504,.T.);
#1506=DIRECTION('',(0.0,1.0,0.0));
#1507=VECTOR('',#1506,0.1);
#1508=LINE('',#1495,#1507);
#1509=EDGE_CURVE('',#1499,#1500,#1508,.T.);
#1510=DIRECTION('',(-1.0,0.0,0.0));
#1511=VECTOR('',#1510,0.1);
#1512=LINE('',#1496,#1511);
#1513=EDGE_CURVE('',#1500,#1501,#1512,.T.);
#1514=DIRECTION('',(0.0,-1.0,0.0));
#1515=VECTOR('',#1514,0.1);
#1516=LINE('',#1497,#1515);
#1517=EDGE_CURVE('',#1501,#1498,#1516,.T.);
#1518=ORIENTED_EDGE('',$,$,#1505,.T.);
#1519=ORIENTED_EDGE('',$,$,#1509,.T.);
#1520=ORIENTED_EDGE('',$,$,#1513,.T.);
#1521=ORIENTED_EDGE('',$,$,#1517,.T.);
#1522=EDGE_LOOP('',(#1518,#1519,#1520,#1521));
#1523=FACE_OUTER_BOUND('',#1522,.T.);
#1524=ADVANCED_FACE('',(#1523),#5,.T.);
#1525=CARTESIAN_POINT('',(0.4,0.1,0.0));
#1526=CARTESIAN_POINT('',(0.5,0.1,0.0));
#1527=CARTESIAN_POINT('',(0.5,0.2,0.0));
#1528=CARTESIAN_POINT('',(0.4,0.2,0.0));
#1529=VERTEX_POINT('',#1525);
#1530=VERTEX_POINT('',#1526);
#1531=VERTEX_POINT('',#1527);
#1532=VERTEX_POINT('',#1528);
#1533=DIRECTION('',(1.0,0.0,0.0));
#1534=VECTOR('',#1533,0.1);
#1535=LINE('',#1525,#1534);
#1536=EDGE_CURVE('',#1529,#1530,#1535,.T.);
#1537=DIRECTION('',(0.0,1.0,0.0));
#1538=VECTOR('',#1537,0.1);
#1539=LINE('',#1526,#1538);
#1540=EDGE_CURVE('',#1530,#1531,#1539,.T.);
#1541=DIRECTION('',(-1.0,0.0,0.0));
#1542=VECTOR('',#1541,0.1);
#1543=LINE('',#1527,#1542);
#1544=EDGE_CURVE('',#1531,#1532,#1543,.T.);
#1545=DIRECTION('',(0.0,-1.0,0.0));
#1546=VECTOR('',#1545,0.1);
#1547=LINE('',#1528,#1546);
#1548=EDGE_CURVE('',#1532,#1529,#1547,.T.);
#1549=ORIENTED_EDGE('',$,$,#1536,.T.);
#1550=ORIENTED_EDGE('',$,$,#1540,.T.);
#1551=ORIENTED_EDGE('',$,$,#1544,.T.);
#1552=ORIENTED_EDGE('',$,$,#1548,.T.);
#1553=EDGE_LOOP('',(#1549,#1550,#1551,#1552));
#1554=FACE_OUTER_BOUND('',#1553,.T.);
#1555=ADVANCED_FACE('',(#1554),#5,.T.);
#1556=CARTESIAN_POINT('',(0.4,0.2,0.0));
#1557=CARTESIAN_POINT('',(0.5,0.2,0.0));
#1558=CARTESIAN_POINT('',(0.5,0.3,0.0));
#1559=CARTESIAN_POINT('',(0.4,0.3,0.0));
#1560=VERTEX_POINT('',#1556);
#1561=VERTEX_POINT('',#1557);
#1562=VERTEX_POINT('',#1558);
#1563=VERTEX_POINT('',#1559);
#1564=DIRECTION('',(1.0,0.0,0.0));
#1565=VECTOR('',#1564,0.1);
#1566=LINE('',#1556,#1565);
#1567=EDGE_CURVE('',#1560,#1561,#1566,.T.);
#1568=DIRECTION('',(0.0,1.0,0.0));
#1569=VECTOR('',#1568,0.1);
#1570=LINE('',#1557,#1569);
#1571=EDGE_CURVE('',#1561,#1562,#1570,.T.);
#1572=DIRECTION('',(-1.0,0.0,0.0));
#1573=VECTOR('',#1572,0.1);
#1574=LINE('',#1558,#1573);
#1575=EDGE_CURVE('',#1562,#1563,#1574,.T.);
#1576=DIRECTION('',(0.0,-1.0,0.0));
#1577=VECTOR('',#1576,0.1);
#1578=LINE('',#1559,#1577);
#1579=EDGE_CURVE('',#1563,#1560,#1578,.T.);
#1580=ORIENTED_EDGE('',$,$,#1567,.T.);
#1581=ORIENTED_EDGE('',$,$,#1571,.T.);
#1582=ORIENTED_EDGE('',$,$,#1575,.T.);
#1583=ORIENTED_EDGE('',$,$,#1579,.T.);
#1584=EDGE_LOOP('',(#1580,#1581,#1582,#1583));
#1585=FACE_OUTER_BOUND('',#1584,.T.);
#1586=ADVANCED_FACE('',(#1585),#5,.T.);
#1587=CARTESIAN_POINT('',(0.4,0.3,0.0));
#1588=CARTESIAN_POINT('',(0.5,0.3,0.0));
#1589=CARTESIAN_POINT('',(0.5,0.4,0.0));
#1590=CARTESIAN_POINT('',(0.4,0.4,0.0));
#1591=VERTEX_POINT('',#1587);
#1592=VERTEX_POINT('',#1588);
#1593=VERTEX_POINT('',#1589);
#1594=VERTEX_POINT('',#1590);
#1595=DIRECTION('',(1.0,0.0,0.0));
#1596=VECTOR('',#1595,0.1);
#1597=LINE('',#1587,#1596);
#1598=EDGE_CURVE('',#1591,#1592,#1597,.T.);
#1599=DIRECTION('',(0.0,1.0,0.0));
#1600=VECTOR('',#1599,0.1);
#1601=LINE('',#1588,#1600);
#1602=EDGE_CURVE('',#1592,#1593,#1601,.T.);
#1603=DIRECTION('',(-1.0,0.0,0.0));
#1604=VECTOR('',#1603,0.1);
#1605=LINE('',#1589,#1604);
#1606=EDGE_CURVE('',#1593,#1594,#1605,.T.);
#1607=DIRECTION('',(0.0,-1.0,0.0));
#1608=VECTOR('',#1607,0.1);
#1609=LINE('',#1590,#1608);
#1610=EDGE_CURVE('',#1594,#1591,#1609,.T.);
#1611=ORIENTED_EDGE('',$,$,#1598,.T.);
#1612=ORIENTED_EDGE('',$,$,#1602,.T.);
#1613=ORIENTED_EDGE('',$,$,#1606,.T.);
#1614=ORIENTED_EDGE('',$,$,#1610,.T.);
#1615=EDGE_LOOP('',(#1611,#1612,#1613,#1614));
#1616=FACE_OUTER_BOUND('',#1615,.T.);
#1617=ADVANCED_FACE('',(#1616),#5,.T.);
#1618=CARTESIAN_POINT('',(0.4,0.4,0.0));
#1619=CARTESIAN_POINT('',(0.5,0.4,0.0));
#1620=CARTESIAN_POINT('',(0.5,0.5,0.0));
#1621=CARTESIAN_POINT('',(0.4,0.5,0.0));
#1622=VERTEX_POINT('',#1618);
#1623=VERTEX_POINT('',#1619);
#1624=VERTEX_POINT('',#1620);
#1625=VERTEX_POINT('',#1621);
#1626=DIRECTION('',(1.0,0.0,0.0));
#1627=VECTOR('',#1626,0.1);
#1628=LINE('',#1618,#1627);
#1629=EDGE_CURVE('',#1622,#1623,#1628,.T.);
#1630=DIRECTION('',(0.0,1.0,0.0));
#1631=VECTOR('',#1630,0.1);
#1632=LINE('',#1619,#1631);
#1633=EDGE_CURVE('',#1623,#1624,#1632,.T.);
#1634=DIRECTION('',(-1.0,0.0,0.0));
#1635=VECTOR('',#1634,0.1);
#1636=LINE('',#1620,#1635);
#1637=EDGE_CURVE('',#1624,#1625,#1636,.T.);
#1638=DIRECTION('',(0.0,-1.0,0.0));
#1639=VECTOR('',#1638,0.1);
#1640=LINE('',#1621,#1639);
#1641=EDGE_CURVE('',#1625,#1622,#1640,.T.);
#1642=ORIENTED_EDGE('',$,$,#1629,.T.);
#1643=ORIENTED_EDGE('',$,$,#1633,.T.);
#1644=ORIENTED_EDGE('',$,$,#1637,.T.);
#1645=ORIENTED_EDGE('',$,$,#1641,.T.);
#1646=EDGE_LOOP('',(#1642,#1643,#1644,#1645));
#1647=FACE_OUTER_BOUND('',#1646,.T.);
#1648=ADVANCED_FACE('',(#1647),#5,.T.);
#1649=CARTESIAN_POINT('',(0.4,0.5,0.0));
#1650=CARTESIAN_POINT('',(0.5,0.5,0.0));
#1651=CARTESIAN_POINT('',(0.5,0.6,0.0));
#1652=CARTESIAN_POINT('',(0.4,0.6,0.0));
#1653=VERTEX_POINT('',#1649);
#1654=VERTEX_POINT('',#1650);
#1655=VERTEX_POINT('',#1651);
#1656=VERTEX_POINT('',#1652);
#1657=DIRECTION('',(1.0,0.0,0.0));
#1658=VECTOR('',#1657,0.1);
#1659=LINE('',#1649,#1658);
#1660=EDGE_CURVE('',#1653,#1654,#1659,.T.);
#1661=DIRECTION('',(0.0,1.0,0.0));
#1662=VECTOR('',#1661,0.1);
#1663=LINE('',#1650,#1662);
#1664=EDGE_CURVE('',#1654,#1655,#1663,.T.);
#1665=DIRECTION('',(-1.0,0.0,0.0));
#1666=VECTOR('',#1665,0.1);
#1667=LINE('',#1651,#1666);
#1668=EDGE_CURVE('',#1655,#1656,#1667,.T.);
#1669=DIRECTION('',(0.0,-1.0,0.0));
#1670=VECTOR('',#1669,0.1);
#1671=LINE('',#1652,#1670);
#1672=EDGE_CURVE('',#1656,#1653,#1671,.T.);
#1673=ORIENTED_EDGE('',$,$,#1660,.T.);
#1674=ORIENTED_EDGE('',$,$,#1664,.T.);
#1675=ORIENTED_EDGE('',$,$,#1668,.T.);
#1676=ORIENTED_EDGE('',$,$,#1672,.T.);
#1677=EDGE_LOOP('',(#1673,#1674,#1675,#1676));
#1678=FACE_OUTER_BOUND('',#1677,.T.);
#1679=ADVANCED_FACE('',(#1678),#5,.T.);
#1680=CARTESIAN_POINT('',(0.4,0.6,0.0));
#1681=CARTESIAN_POINT('',(0.5,0.6,0.0));
#1682=CARTESIAN_POINT('',(0.5,0.7,0.0));
#1683=CARTESIAN_POINT('',(0.4,0.7,0.0));
#1684=VERTEX_POINT('',#1680);
#1685=VERTEX_POINT('',#1681);
#1686=VERTEX_POINT('',#1682);
#1687=VERTEX_POINT('',#1683);
#1688=DIRECTION('',(1.0,0.0,0.0));
#1689=VECTOR('',#1688,0.1);
#1690=LINE('',#1680,#1689);
#1691=EDGE_CURVE('',#1684,#1685,#1690,.T.);
#1692=DIRECTION('',(0.0,1.0,0.0));
#1693=VECTOR('',#1692,0.1);
#1694=LINE('',#1681,#1693);
#1695=EDGE_CURVE('',#1685,#1686,#1694,.T.);
#1696=DIRECTION('',(-1.0,0.0,0.0));
#1697=VECTOR('',#1696,0.1);
#1698=LINE('',#1682,#1697);
#1699=EDGE_CURVE('',#1686,#1687,#1698,.T.);
#1700=DIRECTION('',(0.0,-1.0,0.0));
#1701=VECTOR('',#1700,0.1);
#1702=LINE('',#1683,#1701);
#1703=EDGE_CURVE('',#1687,#1684,#1702,.T.);
#1704=ORIENTED_EDGE('',$,$,#1691,.T.);
#1705=ORIENTED_EDGE('',$,$,#1695,.T.);
#1706=ORIENTED_EDGE('',$,$,#1699,.T.);
#1707=ORIENTED_EDGE('',$,$,#1703,.T.);
#1708=EDGE_LOOP('',(#1704,#1705,#1706,#1707));
#1709=FACE_OUTER_BOUND('',#1708,.T.);
#1710=ADVANCED_FACE('',(#1709),#5,.T.);
#1711=CARTESIAN_POINT('',(0.4,0.7,0.0));
#1712=CARTESIAN_POINT('',(0.5,0.7,0.0));
#1713=CARTESIAN_POINT('',(0.5,0.8,0.0));
#1714=CARTESIAN_POINT('',(0.4,0.8,0.0));
#1715=VERTEX_POINT('',#1711);
#1716=VERTEX_POINT('',#1712);
#1717=VERTEX_POINT('',#1713);
#1718=VERTEX_POINT('',#1714);
#1719=DIRECTION('',(1.0,0.0,0.0));
#1720=VECTOR('',#1719,0.1);
#1721=LINE('',#1711,#1720);
#1722=EDGE_CURVE('',#1715,#1716,#1721,.T.);
#1723=DIRECTION('',(0.0,1.0,0.0));
#1724=VECTOR('',#1723,0.1);
#1725=LINE('',#1712,#1724);
#1726=EDGE_CURVE('',#1716,#1717,#1725,.T.);
#1727=DIRECTION('',(-1.0,0.0,0.0));
#1728=VECTOR('',#1727,0.1);
#1729=LINE('',#1713,#1728);
#1730=EDGE_CURVE('',#1717,#1718,#1729,.T.);
#1731=DIRECTION('',(0.0,-1.0,0.0));
#1732=VECTOR('',#1731,0.1);
#1733=LINE('',#1714,#1732);
#1734=EDGE_CURVE('',#1718,#1715,#1733,.T.);
#1735=ORIENTED_EDGE('',$,$,#1722,.T.);
#1736=ORIENTED_EDGE('',$,$,#1726,.T.);
#1737=ORIENTED_EDGE('',$,$,#1730,.T.);
#1738=ORIENTED_EDGE('',$,$,#1734,.T.);
#1739=EDGE_LOOP('',(#1735,#1736,#1737,#1738));
#1740=FACE_OUTER_BOUND('',#1739,.T.);
#1741=ADVANCED_FACE('',(#1740),#5,.T.);
#1742=CARTESIAN_POINT('',(0.4,0.8,0.0));
#1743=CARTESIAN_POINT('',(0.5,0.8,0.0));
#1744=CARTESIAN_POINT('',(0.5,0.9,0.0));
#1745=CARTESIAN_POINT('',(0.4,0.9,0.0));
#1746=VERTEX_POINT('',#1742);
#1747=VERTEX_POINT('',#1743);
#1748=VERTEX_POINT('',#1744);
#1749=VERTEX_POINT('',#1745);
#1750=DIRECTION('',(1.0,0.0,0.0));
#1751=VECTOR('',#1750,0.1);
#1752=LINE('',#1742,#1751);
#1753=EDGE_CURVE('',#1746,#1747,#1752,.T.);
#1754=DIRECTION('',(0.0,1.0,0.0));
#1755=VECTOR('',#1754,0.1);
#1756=LINE('',#1743,#1755);
#1757=EDGE_CURVE('',#1747,#1748,#1756,.T.);
#1758=DIRECTION('',(-1.0,0.0,0.0));
#1759=VECTOR('',#1758,0.1);
#1760=LINE('',#1744,#1759);
#1761=EDGE_CURVE('',#1748,#1749,#1760,.T.);
#1762=DIRECTION('',(0.0,-1.0,0.0));
#1763=VECTOR('',#1762,0.1);
#1764=LINE('',#1745,#1763);
#1765=EDGE_CURVE('',#1749,#1746,#1764,.T.);
#1766=ORIENTED_EDGE('',$,$,#1753,.T.);
#1767=ORIENTED_EDGE('',$,$,#1757,.T.);
#1768=ORIENTED_EDGE('',$,$,#1761,.T.);
#1769=ORIENTED_EDGE('',$,$,#1765,.T.);
#1770=EDGE_LOOP('',(#1766,#1767,#1768,#1769));
#1771=FACE_OUTER_BOUND('',#1770,.T.);
#1772=ADVANCED_FACE('',(#1771),#5,.T.);
#1773=CARTESIAN_POINT('',(0.4,0.9,0.0));
#1774=CARTESIAN_POINT('',(0.5,0.9,0.0));
#1775=CARTESIAN_POINT('',(0.5,1.0,0.0));
#1776=CARTESIAN_POINT('',(0.4,1.0,0.0));
#1777=VERTEX_POINT('',#1773);
#1778=VERTEX_POINT('',#1774);
#1779=VERTEX_POINT('',#1775);
#1780=VERTEX_POINT('',#1776);
#1781=DIRECTION('',(1.0,0.0,0.0));
#1782=VECTOR('',#1781,0.1);
#1783=LINE('',#1773,#1782);
#1784=EDGE_CURVE('',#1777,#1778,#1783,.T.);
#1785=DIRECTION('',(0.0,1.0,0.0));
#1786=VECTOR('',#1785,0.1);
#1787=LINE('',#1774,#1786);
#1788=EDGE_CURVE('',#1778,#1779,#1787,.T.);
#1789=DIRECTION('',(-1.0,0.0,0.0));
#1790=VECTOR('',#1789,0.1);
#1791=LINE('',#1775,#1790);
#1792=EDGE_CURVE('',#1779,#1780,#1791,.T.);
#1793=DIRECTION('',(0.0,-1.0,0.0));
#1794=VECTOR('',#1793,0.1);
#1795=LINE('',#1776,#1794);
#1796=EDGE_CURVE('',#1780,#1777,#1795,.T.);
#1797=ORIENTED_EDGE('',$,$,#1784,.T.);
#1798=ORIENTED_EDGE('',$,$,#1788,.T.);
#1799=ORIENTED_EDGE('',$,$,#1792,.T.);
#1800=ORIENTED_EDGE('',$,$,#1796,.T.);
#1801=EDGE_LOOP('',(#1797,#1798,#1799,#1800));
#1802=FACE_OUTER_BOUND('',#1801,.T.);
#1803=ADVANCED_FACE('',(#1802),#5,.T.);
#1804=CARTESIAN_POINT('',(0.4,1.0,0.0));
#1805=CARTESIAN_POINT('',(0.5,1.0,0.0));
#1806=CARTESIAN_POINT('',(0.5,1.1,0.0));
#1807=CARTESIAN_POINT('',(0.4,1.1,0.0));
#1808=VERTEX_POINT('',#1804);
#1809=VERTEX_POINT('',#1805);
#1810=VERTEX_POINT('',#1806);
#1811=VERTEX_POINT('',#1807);
#1812=DIRECTION('',(1.0,0.0,0.0));
#1813=VECTOR('',#1812,0.1);
#1814=LINE('',#1804,#1813);
#1815=EDGE_CURVE('',#1808,#1809,#1814,.T.);
#1816=DIRECTION('',(0.0,1.0,0.0));
#1817=VECTOR('',#1816,0.1);
#1818=LINE('',#1805,#1817);
#1819=EDGE_CURVE('',#1809,#1810,#1818,.T.);
#1820=DIRECTION('',(-1.0,0.0,0.0));
#1821=VECTOR('',#1820,0.1);
#1822=LINE('',#1806,#1821);
#1823=EDGE_CURVE('',#1810,#1811,#1822,.T.);
#1824=DIRECTION('',(0.0,-1.0,0.0));
#1825=VECTOR('',#1824,0.1);
#1826=LINE('',#1807,#1825);
#1827=EDGE_CURVE('',#1811,#1808,#1826,.T.);
#1828=ORIENTED_EDGE('',$,$,#1815,.T.);
#1829=ORIENTED_EDGE('',$,$,#1819,.T.);
#1830=ORIENTED_EDGE('',$,$,#1823,.T.);
#1831=ORIENTED_EDGE('',$,$,#1827,.T.);
#1832=EDGE_LOOP('',(#1828,#1829,#1830,#1831));
#1833=FACE_OUTER_BOUND('',#1832,.T.);
#1834=ADVANCED_FACE('',(#1833),#5,.T.);
#1835=CARTESIAN_POINT('',(0.4,1.1,0.0));
#1836=CARTESIAN_POINT('',(0.5,1.1,0.0));
#1837=CARTESIAN_POINT('',(0.5,1.2,0.0));
#1838=CARTESIAN_POINT('',(0.4,1.2,0.0));
#1839=VERTEX_POINT('',#1835);
#1840=VERTEX_POINT('',#1836);
#1841=VERTEX_POINT('',#1837);
#1842=VERTEX_POINT('',#1838);
#1843=DIRECTION('',(1.0,0.0,0.0));
#1844=VECTOR('',#1843,0.1);
#1845=LINE('',#1835,#1844);
#1846=EDGE_CURVE('',#1839,#1840,#1845,.T.);
#1847=DIRECTION('',(0.0,1.0,0.0));
#1848=VECTOR('',#1847,0.1);
#1849=LINE('',#1836,#1848);
#1850=EDGE_CURVE('',#1840,#1841,#1849,.T.);
#1851=DIRECTION('',(-1.0,0.0,0.0));
#1852=VECTOR('',#1851,0.1);
#1853=LINE('',#1837,#1852);
#1854=EDGE_CURVE('',#1841,#1842,#1853,.T.);
#1855=DIRECTION('',(0.0,-1.0,0.0));
#1856=VECTOR('',#1855,0.1);
#1857=LINE('',#1838,#1856);
#1858=EDGE_CURVE('',#1842,#1839,#1857,.T.);
#1859=ORIENTED_EDGE('',$,$,#1846,.T.);
#1860=ORIENTED_EDGE('',$,$,#1850,.T.);
#1861=ORIENTED_EDGE('',$,$,#1854,.T.);
#1862=ORIENTED_EDGE('',$,$,#1858,.T.);
#1863=EDGE_LOOP('',(#1859,#1860,#1861,#1862));
#1864=FACE_OUTER_BOUND('',#1863,.T.);
#1865=ADVANCED_FACE('',(#1864),#5,.T.);
#1866=CARTESIAN_POINT('',(0.5,0.0,0.0));
#1867=CARTESIAN_POINT('',(0.6,0.0,0.0));
#1868=CARTESIAN_POINT('',(0.6,0.1,0.0));
#1869=CARTESIAN_POINT('',(0.5,0.1,0.0));
#1870=VERTEX_POINT('',#1866);
#1871=VERTEX_POINT('',#1867);
#1872=VERTEX_POINT('',#1868);
#1873=VERTEX_POINT('',#1869);
#1874=DIRECTION('',(1.0,0.0,0.0));
#1875=VECTOR('',#1874,0.1);
#1876=LINE('',#1866,#1875);
#1877=EDGE_CURVE('',#1870,#1871,#1876,.T.);
#1878=DIRECTION('',(0.0,1.0,0.0));
#1879=VECTOR('',#1878,0.1);
#1880=LINE('',#1867,#1879);
#1881=EDGE_CURVE('',#1871,#1872,#1880,.T.);
#1882=DIRECTION('',(-1.0,0.0,0.0));
#1883=VECTOR('',#1882,0.1);
#1884=LINE('',#1868,#1883);
#1885=EDGE_CURVE('',#1872,#1873,#1884,.T.);
#1886=DIRECTION('',(0.0,-1.0,0.0));
#1887=VECTOR('',#1886,0.1);
#1888=LINE('',#1869,#1887);
#1889=EDGE_CURVE('',#1873,#1870,#1888,.T.);
#1890=ORIENTED_EDGE('',$,$,#1877,.T.);
#1891=ORIENTED_EDGE('',$,$,#1881,.T.);
#1892=ORIENTED_EDGE('',$,$,#1885,.T.);
#1893=ORIENTED_EDGE('',$,$,#1889,.T.);
#1894=EDGE_LOOP('',(#1890,#1891,#1892,#1893));
#1895=FACE_OUTER_BOUND('',#1894,.T.);
#1896=ADVANCED_FACE('',(#1895),#5,.T.);
#1897=CARTESIAN_POINT('',(0.5,0.1,0.0));
#1898=CARTESIAN_POINT('',(0.6,0.1,0.0));
#1899=CARTESIAN_POINT('',(0.6,0.2,0.0));
#1900=CARTESIAN_POINT('',(0.5,0.2,0.0));
#1901=VERTEX_POINT('',#1897);
#1902=VERTEX_POINT('',#1898);
#1903=VERTEX_POINT('',#1899);
#1904=VERTEX_POINT('',#1900);
#1905=DIRECTION('',(1.0,0.0,0.0));
#1906=VECTOR('',#1905,0.1);
#1907=LINE('',#1897,#1906);
#1908=EDGE_CURVE('',#1901,#1902,#1907,.T.);
#1909=DIRECTION('',(0.0,1.0,0.0));
#1910=VECTOR('',#1909,0.1);
#1911=LINE('',#1898,#1910);
#1912=EDGE_CURVE('',#1902,#1903,#1911,.T.);
#1913=DIRECTION('',(-1.0,0.0,0.0));
#1914=VECTOR('',#1913,0.1);
#1915=LINE('',#1899,#1914);
#1916=EDGE_CURVE('',#1903,#1904,#1915,.T.);
#1917=DIRECTION('',(0.0,-1.0,0.0));
#1918=VECTOR('',#1917,0.1);
#1919=LINE('',#1900,#1918);
#1920=EDGE_CURVE('',#1904,#1901,#1919,.T.);
#1921=ORIENTED_EDGE('',$,$,#1908,.T.);
#1922=ORIENTED_EDGE('',$,$,#1912,.T.);
#1923=ORIENTED_EDGE('',$,$,#1916,.T.);
#1924=ORIENTED_EDGE('',$,$,#1920,.T.);
#1925=EDGE_LOOP('',(#1921,#1922,#1923,#1924));
#1926=FACE_OUTER_BOUND('',#1925,.T.);
#1927=ADVANCED_FACE('',(#1926),#5,.T.);
#1928=CARTESIAN_POINT('',(0.5,0.2,0.0));
#1929=CARTESIAN_POINT('',(0.6,0.2,0.0));
#1930=CARTESIAN_POINT('',(0.6,0.3,0.0));
#1931=CARTESIAN_POINT('',(0.5,0.3,0.0));
#1932=VERTEX_POINT('',#1928);
#1933=VERTEX_POINT('',#1929);
#1934=VERTEX_POINT('',#1930);
#1935=VERTEX_POINT('',#1931);
#1936=DIRECTION('',(1.0,0.0,0.0));
#1937=VECTOR('',#1936,0.1);
#1938=LINE('',#1928,#1937);
#1939=EDGE_CURVE('',#1932,#1933,#1938,.T.);
#1940=DIRECTION('',(0.0,1.0,0.0));
#1941=VECTOR('',#1940,0.1);
#1942=LINE('',#1929,#1941);
#1943=EDGE_CURVE('',#1933,#1934,#1942,.T.);
#1944=DIRECTION('',(-1.0,0.0,0.0));
#1945=VECTOR('',#1944,0.1);
#1946=LINE('',#1930,#1945);
#1947=EDGE_CURVE('',#1934,#1935,#1946,.T.);
#1948=DIRECTION('',(0.0,-1.0,0.0));
#1949=VECTOR('',#1948,0.1);
#1950=LINE('',#1931,#1949);
#1951=EDGE_CURVE('',#1935,#1932,#1950,.T.);
#1952=ORIENTED_EDGE('',$,$,#1939,.T.);
#1953=ORIENTED_EDGE('',$,$,#1943,.T.);
#1954=ORIENTED_EDGE('',$,$,#1947,.T.);
#1955=ORIENTED_EDGE('',$,$,#1951,.T.);
#1956=EDGE_LOOP('',(#1952,#1953,#1954,#1955));
#1957=FACE_OUTER_BOUND('',#1956,.T.);
#1958=ADVANCED_FACE('',(#1957),#5,.T.);
#1959=CARTESIAN_POINT('',(0.5,0.3,0.0));
#1960=CARTESIAN_POINT('',(0.6,0.3,0.0));
#1961=CARTESIAN_POINT('',(0.6,0.4,0.0));
#1962=CARTESIAN_POINT('',(0.5,0.4,0.0));
#1963=VERTEX_POINT('',#1959);
#1964=VERTEX_POINT('',#1960);
#1965=VERTEX_POINT('',#1961);
#1966=VERTEX_POINT('',#1962);
#1967=DIRECTION('',(1.0,0.0,0.0));
#1968=VECTOR('',#1967,0.1);
#1969=LINE('',#1959,#1968);
#1970=EDGE_CURVE('',#1963,#1964,#1969,.T.);
#1971=DIRECTION('',(0.0,1.0,0.0));
#1972=VECTOR('',#1971,0.1);
#1973=LINE('',#1960,#1972);
#1974=EDGE_CURVE('',#1964,#1965,#1973,.T.);
#1975=DIRECTION('',(-1.0,0.0,0.0));
#1976=VECTOR('',#1975,0.1);
#1977=LINE('',#1961,#1976);
#1978=EDGE_CURVE('',#1965,#1966,#1977,.T.);
#1979=DIRECTION('',(0.0,-1.0,0.0));
#1980=VECTOR('',#1979,0.1);
#1981=LINE('',#1962,#1980);
#1982=EDGE_CURVE('',#1966,#1963,#1981,.T.);
#1983=ORIENTED_EDGE('',$,$,#1970,.T.);
#1984=ORIENTED_EDGE('',$,$,#1974,.T.);
#1985=ORIENTED_EDGE('',$,$,#1978,.T.);
#1986=ORIENTED_EDGE('',$,$,#1982,.T.);
#1987=EDGE_LOOP('',(#1983,#1984,#1985,#1986));
#1988=FACE_OUTER_BOUND('',#1987,.T.);
#1989=ADVANCED_FACE('',(#1988),#5,.T.);
#1990=CARTESIAN_POINT('',(0.5,0.4,0.0));
#1991=CARTESIAN_POINT('',(0.6,0.4,0.0));
#1992=CARTESIAN_POINT('',(0.6,0.5,0.0));
#1993=CARTESIAN_POINT('',(0.5,0.5,0.0));
#1994=VERTEX_POINT('',#1990);
#1995=VERTEX_POINT('',#1991);
#1996=VERTEX_POINT('',#1992);
#1997=VERTEX_POINT('',#1993);
#1998=DIRECTION('',(1.0,0.0,0.0));
#1999=VECTOR('',#1998,0.1);
#2000=LINE('',#1990,#1999);
#2001=EDGE_CURVE('',#1994,#1995,#2000,.T.);
#2002=DIRECTION('',(0.0,1.0,0.0));
#2003=VECTOR('',#2002,0.1);
#2004=LINE('',#1991,#2003);
#2005=EDGE_CURVE('',#1995,#1996,#2004,.T.);
#2006=DIRECTION('',(-1.0,0.0,0.0));
#2007=VECTOR('',#2006,0.1);
#2008=LINE('',#1992,#2007);
#2009=EDGE_CURVE('',#1996,#1997,#2008,.T.);
#2010=DIRECTION('',(0.0,-1.0,0.0));
#2011=VECTOR('',#2010,0.1);
#2012=LINE('',#1993,#2011);
#2013=EDGE_CURVE('',#1997,#1994,#2012,.T.);
#2014=ORIENTED_EDGE('',$,$,#2001,.T.);
#2015=ORIENTED_EDGE('',$,$,#2005,.T.);
#2016=ORIENTED_EDGE('',$,$,#2009,.T.);
#2017=ORIENTED_EDGE('',$,$,#2013,.T.);
#2018=EDGE_LOOP('',(#2014,#2015,#2016,#2017));
#2019=FACE_OUTER_BOUND('',#2018,.T.);
#2020=ADVANCED_FACE('',(#2019),#5,.T.);
#2021=CARTESIAN_POINT('',(0.5,0.5,0.0));
#2022=CARTESIAN_POINT('',(0.6,0.5,0.0));
#2023=CARTESIAN_POINT('',(0.6,0.6,0.0));
#2024=CARTESIAN_POINT('',(0.5,0.6,0.0));
#2025=VERTEX_POINT('',#2021);
#2026=VERTEX_POINT('',#2022);
#2027=VERTEX_POINT('',#2023);
#2028=VERTEX_POINT('',#2024);
#2029=DIRECTION('',(1.0,0.0,0.0));
#2030=VECTOR('',#2029,0.1);
#2031=LINE('',#2021,#2030);
#2032=EDGE_CURVE('',#2025,#2026,#2031,.T.);
#2033=DIRECTION('',(0.0,1.0,0.0));
#2034=VECTOR('',#2033,0.1);
#2035=LINE('',#2022,#2034);
#2036=EDGE_CURVE('',#2026,#2027,#2035,.T.);
#2037=DIRECTION('',(-1.0,0.0,0.0));
#2038=VECTOR('',#2037,0.1);
#2039=LINE('',#2023,#2038);
#2040=EDGE_CURVE('',#2027,#2028,#2039,.T.);
#2041=DIRECTION('',(0.0,-1.0,0.0));
#2042=VECTOR('',#2041,0.1);
#2043=LINE('',#2024,#2042);
#2044=EDGE_CURVE('',#2028,#2025,#2043,.T.);
#2045=ORIENTED_EDGE('',$,$,#2032,.T.);
#2046=ORIENTED_EDGE('',$,$,#2036,.T.);
#2047=ORIENTED_EDGE('',$,$,#2040,.T.);
#2048=ORIENTED_EDGE('',$,$,#2044,.T.);
#2049=EDGE_LOOP('',(#2045,#2046,#2047,#2048));
#2050=FACE_OUTER_BOUND('',#2049,.T.);
#2051=ADVANCED_FACE('',(#2050),#5,.T.);
#2052=CARTESIAN_POINT('',(0.5,0.6,0.0));
#2053=CARTESIAN_POINT('',(0.6,0.6,0.0));
#2054=CARTESIAN_POINT('',(0.6,0.7,0.0));
#2055=CARTESIAN_POINT('',(0.5,0.7,0.0));
#2056=VERTEX_POINT('',#2052);
#2057=VERTEX_POINT('',#2053);
#2058=VERTEX_POINT('',#2054);
#2059=VERTEX_POINT('',#2055);
#2060=DIRECTION('',(1.0,0.0,0.0));
#2061=VECTOR('',#2060,0.1);
#2062=LINE('',#2052,#2061);
#2063=EDGE_CURVE('',#2056,#2057,#2062,.T.);
#2064=DIRECTION('',(0.0,1.0,0.0));
#2065=VECTOR('',#2064,0.1);
#2066=LINE('',#2053,#2065);
#2067=EDGE_CURVE('',#2057,#2058,#2066,.T.);
#2068=DIRECTION('',(-1.0,0.0,0.0));
#2069=VECTOR('',#2068,0.1);
#2070=LINE('',#2054,#2069);
#2071=EDGE_CURVE('',#2058,#2059,#2070,.T.);
#2072=DIRECTION('',(0.0,-1.0,0.0));
#2073=VECTOR('',#2072,0.1);
#2074=LINE('',#2055,#2073);
#2075=EDGE_CURVE('',#2059,#2056,#2074,.T.);
#2076=ORIENTED_EDGE('',$,$,#2063,.T.);
#2077=ORIENTED_EDGE('',$,$,#2067,.T.);
#2078=ORIENTED_EDGE('',$,$,#2071,.T.);
#2079=ORIENTED_EDGE('',$,$,#2075,.T.);
#2080=EDGE_LOOP('',(#2076,#2077,#2078,#2079));
#2081=FACE_OUTER_BOUND('',#2080,.T.);
#2082=ADVANCED_FACE('',(#2081),#5,.T.);
#2083=CARTESIAN_POINT('',(0.5,0.7,0.0));
#2084=CARTESIAN_POINT('',(0.6,0.7,0.0));
#2085=CARTESIAN_POINT('',(0.6,0.8,0.0));
#2086=CARTESIAN_POINT('',(0.5,0.8,0.0));
#2087=VERTEX_POINT('',#2083);
#2088=VERTEX_POINT('',#2084);
#2089=VERTEX_POINT('',#2085);
#2090=VERTEX_POINT('',#2086);
#2091=DIRECTION('',(1.0,0.0,0.0));
#2092=VECTOR('',#2091,0.1);
#2093=LINE('',#2083,#2092);
#2094=EDGE_CURVE('',#2087,#2088,#2093,.T.);
#2095=DIRECTION('',(0.0,1.0,0.0));
#2096=VECTOR('',#2095,0.1);
#2097=LINE('',#2084,#2096);
#2098=EDGE_CURVE('',#2088,#2089,#2097,.T.);
#2099=DIRECTION('',(-1.0,0.0,0.0));
#2100=VECTOR('',#2099,0.1);
#2101=LINE('',#2085,#2100);
#2102=EDGE_CURVE('',#2089,#2090,#2101,.T.);
#2103=DIRECTION('',(0.0,-1.0,0.0));
#2104=VECTOR('',#2103,0.1);
#2105=LINE('',#2086,#2104);
#2106=EDGE_CURVE('',#2090,#2087,#2105,.T.);
#2107=ORIENTED_EDGE('',$,$,#2094,.T.);
#2108=ORIENTED_EDGE('',$,$,#2098,.T.);
#2109=ORIENTED_EDGE('',$,$,#2102,.T.);
#2110=ORIENTED_EDGE('',$,$,#2106,.T.);
#2111=EDGE_LOOP('',(#2107,#2108,#2109,#2110));
#2112=FACE_OUTER_BOUND('',#2111,.T.);
#2113=ADVANCED_FACE('',(#2112),#5,.T.);
#2114=CARTESIAN_POINT('',(0.5,0.8,0.0));
#2115=CARTESIAN_POINT('',(0.6,0.8,0.0));
#2116=CARTESIAN_POINT('',(0.6,0.9,0.0));
#2117=CARTESIAN_POINT('',(0.5,0.9,0.0));
#2118=VERTEX_POINT('',#2114);
#2119=VERTEX_POINT('',#2115);
#2120=VERTEX_POINT('',#2116);
#2121=VERTEX_POINT('',#2117);
#2122=DIRECTION('',(1.0,0.0,0.0));
#2123=VECTOR('',#2122,0.1);
#2124=LINE('',#2114,#2123);
#2125=EDGE_CURVE('',#2118,#2119,#2124,.T.);
#2126=DIRECTION('',(0.0,1.0,0.0));
#2127=VECTOR('',#2126,0.1);
#2128=LINE('',#2115,#2127);
#2129=EDGE_CURVE('',#2119,#2120,#2128,.T.);
#2130=DIRECTION('',(-1.0,0.0,0.0));
#2131=VECTOR('',#2130,0.1);
#2132=LINE('',#2116,#2131);
#2133=EDGE_CURVE('',#2120,#2121,#2132,.T.);
#2134=DIRECTION('',(0.0,-1.0,0.0));
#2135=VECTOR('',#2134,0.1);
#2136=LINE('',#2117,#2135);
#2137=EDGE_CURVE('',#2121,#2118,#2136,.T.);
#2138=ORIENTED_EDGE('',$,$,#2125,.T.);
#2139=ORIENTED_EDGE('',$,$,#2129,.T.);
#2140=ORIENTED_EDGE('',$,$,#2133,.T.);
#2141=ORIENTED_EDGE('',$,$,#2137,.T.);
#2142=EDGE_LOOP('',(#2138,#2139,#2140,#2141));
#2143=FACE_OUTER_BOUND('',#2142,.T.);
#2144=ADVANCED_FACE('',(#2143),#5,.T.);
#2145=CARTESIAN_POINT('',(0.5,0.9,0.0));
#2146=CARTESIAN_POINT('',(0.6,0.9,0.0));
#2147=CARTESIAN_POINT('',(0.6,1.0,0.0));
#2148=CARTESIAN_POINT('',(0.5,1.0,0.0));
#2149=VERTEX_POINT('',#2145);
#2150=VERTEX_POINT('',#2146);
#2151=VERTEX_POINT('',#2147);
#2152=VERTEX_POINT('',#2148);
#2153=DIRECTION('',(1.0,0.0,0.0));
#2154=VECTOR('',#2153,0.1);
#2155=LINE('',#2145,#2154);
#2156=EDGE_CURVE('',#2149,#2150,#2155,.T.);
#2157=DIRECTION('',(0.0,1.0,0.0));
#2158=VECTOR('',#2157,0.1);
#2159=LINE('',#2146,#2158);
#2160=EDGE_CURVE('',#2150,#2151,#2159,.T.);
#2161=DIRECTION('',(-1.0,0.0,0.0));
#2162=VECTOR('',#2161,0.1);
#2163=LINE('',#2147,#2162);
#2164=EDGE_CURVE('',#2151,#2152,#2163,.T.);
#2165=DIRECTION('',(0.0,-1.0,0.0));
#2166=VECTOR('',#2165,0.1);
#2167=LINE('',#2148,#2166);
#2168=EDGE_CURVE('',#2152,#2149,#2167,.T.);
#2169=ORIENTED_EDGE('',$,$,#2156,.T.);
#2170=ORIENTED_EDGE('',$,$,#2160,.T.);
#2171=ORIENTED_EDGE('',$,$,#2164,.T.);
#2172=ORIENTED_EDGE('',$,$,#2168,.T.);
#2173=EDGE_LOOP('',(#2169,#2170,#2171,#2172));
#2174=FACE_OUTER_BOUND('',#2173,.T.);
#2175=ADVANCED_FACE('',(#2174),#5,.T.);
#2176=CARTESIAN_POINT('',(0.5,1.0,0.0));
#2177=CARTESIAN_POINT('',(0.6,1.0,0.0));
#2178=CARTESIAN_POINT('',(0.6,1.1,0.0));
#2179=CARTESIAN_POINT('',(0.5,1.1,0.0));
#2180=VERTEX_POINT('',#2176);
#2181=VERTEX_POINT('',#2177);
#2182=VERTEX_POINT('',#2178);
#2183=VERTEX_POINT('',#2179);
#2184=DIRECTION('',(1.0,0.0,0.0));
#2185=VECTOR('',#2184,0.1);
#2186=LINE('',#2176,#2185);
#2187=EDGE_CURVE('',#2180,#2181,#2186,.T.);
#2188=DIRECTION('',(0.0,1.0,0.0));
#2189=VECTOR('',#2188,0.1);
#2190=LINE('',#2177,#2189);
#2191=EDGE_CURVE('',#2181,#2182,#2190,.T.);
#2192=DIRECTION('',(-1.0,0.0,0.0));
#2193=VECTOR('',#2192,0.1);
#2194=LINE('',#2178,#2193);
#2195=EDGE_CURVE('',#2182,#2183,#2194,.T.);
#2196=DIRECTION('',(0.0,-1.0,0.0));
#2197=VECTOR('',#2196,0.1);
#2198=LINE('',#2179,#2197);
#2199=EDGE_CURVE('',#2183,#2180,#2198,.T.);
#2200=ORIENTED_EDGE('',$,$,#2187,.T.);
#2201=ORIENTED_EDGE('',$,$,#2191,.T.);
#2202=ORIENTED_EDGE('',$,$,#2195,.T.);
#2203=ORIENTED_EDGE('',$,$,#2199,.T.);
#2204=EDGE_LOOP('',(#2200,#2201,#2202,#2203));
#2205=FACE_OUTER_BOUND('',#2204,.T.);
#2206=ADVANCED_FACE('',(#2205),#5,.T.);
#2207=CARTESIAN_POINT('',(0.5,1.1,0.0));
#2208=CARTESIAN_POINT('',(0.6,1.1,0.0));
#2209=CARTESIAN_POINT('',(0.6,1.2,0.0));
#2210=CARTESIAN_POINT('',(0.5,1.2,0.0));
#2211=VERTEX_POINT('',#2207);
#2212=VERTEX_POINT('',#2208);
#2213=VERTEX_POINT('',#2209);
#2214=VERTEX_POINT('',#2210);
#2215=DIRECTION('',(1.0,0.0,0.0));
#2216=VECTOR('',#2215,0.1);
#2217=LINE('',#2207,#2216);
#2218=EDGE_CURVE('',#2211,#2212,#2217,.T.);
#2219=DIRECTION('',(0.0,1.0,0.0));
#2220=VECTOR('',#2219,0.1);
#2221=LINE('',#2208,#2220);
#2222=EDGE_CURVE('',#2212,#2213,#2221,.T.);
#2223=DIRECTION('',(-1.0,0.0,0.0));
#2224=VECTOR('',#2223,0.1);
#2225=LINE('',#2209,#2224);
#2226=EDGE_CURVE('',#2213,#2214,#2225,.T.);
#2227=DIRECTION('',(0.0,-1.0,0.0));
#2228=VECTOR('',#2227,0.1);
#2229=LINE('',#2210,#2228);
#2230=EDGE_CURVE('',#2214,#2211,#2229,.T.);
#2231=ORIENTED_EDGE('',$,$,#2218,.T.);
#2232=ORIENTED_EDGE('',$,$,#2222,.T.);
#2233=ORIENTED_EDGE('',$,$,#2226,.T.);
#2234=ORIENTED_EDGE('',$,$,#2230,.T.);
#2235=EDGE_LOOP('',(#2231,#2232,#2233,#2234));
#2236=FACE_OUTER_BOUND('',#2235,.T.);
#2237=ADVANCED_FACE('',(#2236),#5,.T.);
#2238=CARTESIAN_POINT('',(0.6,0.0,0.0));
#2239=CARTESIAN_POINT('',(0.7,0.0,0.0));
#2240=CARTESIAN_POINT('',(0.7,0.1,0.0));
#2241=CARTESIAN_POINT('',(0.6,0.1,0.0));
#2242=VERTEX_POINT('',#2238);
#2243=VERTEX_POINT('',#2239);
#2244=VERTEX_POINT('',#2240);
#2245=VERTEX_POINT('',#2241);
#2246=DIRECTION('',(1.0,0.0,0.0));
#2247=VECTOR('',#2246,0.1);
#2248=LINE('',#2238,#2247);
#2249=EDGE_CURVE('',#2242,#2243,#2248,.T.);
#2250=DIRECTION('',(0.0,1.0,0.0));
#2251=VECTOR('',#2250,0.1);
#2252=LINE('',#2239,#2251);
#2253=EDGE_CURVE('',#2243,#2244,#2252,.T.);
#2254=DIRECTION('',(-1.0,0.0,0.0));
#2255=VECTOR('',#2254,0.1);
#2256=LINE('',#2240,#2255);
#2257=EDGE_CURVE('',#2244,#2245,#2256,.T.);
#2258=DIRECTION('',(0.0,-1.0,0.0));
#2259=VECTOR('',#2258,0.1);
#2260=LINE('',#2241,#2259);
#2261=EDGE_CURVE('',#2245,#2242,#2260,.T.);
#2262=ORIENTED_EDGE('',$,$,#2249,.T.);
#2263=ORIENTED_EDGE('',$,$,#2253,.T.);
#2264=ORIENTED_EDGE('',$,$,#2257,.T.);
#2265=ORIENTED_EDGE('',$,$,#2261,.T.);
#2266=EDGE_LOOP('',(#2262,#2263,#2264,#2265));
#2267=FACE_OUTER_BOUND('',#2266,.T.);
#2268=ADVANCED_FACE('',(#2267),#5,.T.);
#2269=CARTESIAN_POINT('',(0.6,0.1,0.0));
#2270=CARTESIAN_POINT('',(0.7,0.1,0.0));
#2271=CARTESIAN_POINT('',(0.7,0.2,0.0));
#2272=CARTESIAN_POINT('',(0.6,0.2,0.0));
#2273=VERTEX_POINT('',#2269);
#2274=VERTEX_POINT('',#2270);
#2275=VERTEX_POINT('',#2271);
#2276=VERTEX_POINT('',#2272);
#2277=DIRECTION('',(1.0,0.0,0.0));
#2278=VECTOR('',#2277,0.1);
#2279=LINE('',#2269,#2278);
#2280=EDGE_CURVE('',#2273,#2274,#2279,.T.);
#2281=DIRECTION('',(0.0,1.0,0.0));
#2282=VECTOR('',#2281,0.1);
#2283=LINE('',#2270,#2282);
#2284=EDGE_CURVE('',#2274,#2275,#2283,.T.);
#2285=DIRECTION('',(-1.0,0.0,0.0));
#2286=VECTOR('',#2285,0.1);
#2287=LINE('',#2271,#2286);
#2288=EDGE_CURVE('',#2275,#2276,#2287,.T.);
#2289=DIRECTION('',(0.0,-1.0,0.0));
#2290=VECTOR('',#2289,0.1);
#2291=LINE('',#2272,#2290);
#2292=EDGE_CURVE('',#2276,#2273,#2291,.T.);
#2293=ORIENTED_EDGE('',$,$,#2280,.T.);
#2294=ORIENTED_EDGE('',$,$,#2284,.T.);
#2295=ORIENTED_EDGE('',$,$,#2288,.T.);
#2296=ORIENTED_EDGE('',$,$,#2292,.T.);
#2297=EDGE_LOOP('',(#2293,#2294,#2295,#2296));
#2298=FACE_OUTER_BOUND('',#2297,.T.);
#2299=ADVANCED_FACE('',(#2298),#5,.T.);
#2300=CARTESIAN_POINT('',(0.6,0.2,0.0));
#2301=CARTESIAN_POINT('',(0.7,0.2,0.0));
#2302=CARTESIAN_POINT('',(0.7,0.3,0.0));
#2303=CARTESIAN_POINT('',(0.6,0.3,0.0));
#2304=VERTEX_POINT('',#2300);
#2305=VERTEX_POINT('',#2301);
#2306=VERTEX_POINT('',#2302);
#2307=VERTEX_POINT('',#2303);
#2308=DIRECTION('',(1.0,0.0,0.0));
#2309=VECTOR('',#2308,0.1);
#2310=LINE('',#2300,#2309);
#2311=EDGE_CURVE('',#2304,#2305,#2310,.T.);
#2312=DIRECTION('',(0.0,1.0,0.0));
#2313=VECTOR('',#2312,0.1);
#2314=LINE('',#2301,#2313);
#2315=EDGE_CURVE('',#2305,#2306,#2314,.T.);
#2316=DIRECTION('',(-1.0,0.0,0.0));
#2317=VECTOR('',#2316,0.1);
#2318=LINE('',#2302,#2317);
#2319=EDGE_CURVE('',#2306,#2307,#2318,.T.);
#2320=DIRECTION('',(0.0,-1.0,0.0));
#2321=VECTOR('',#2320,0.1);
#2322=LINE('',#2303,#2321);
#2323=EDGE_CURVE('',#2307,#2304,#2322,.T.);
#2324=ORIENTED_EDGE('',$,$,#2311,.T.);
#2325=ORIENTED_EDGE('',$,$,#2315,.T.);
#2326=ORIENTED_EDGE('',$,$,#2319,.T.);
#2327=ORIENTED_EDGE('',$,$,#2323,.T.);
#2328=EDGE_LOOP('',(#2324,#2325,#2326,#2327));
#2329=FACE_OUTER_BOUND('',#2328,.T.);
#2330=ADVANCED_FACE('',(#2329),#5,.T.);
#2331=CARTESIAN_POINT('',(0.6,0.3,0.0));
#2332=CARTESIAN_POINT('',(0.7,0.3,0.0));
#2333=CARTESIAN_POINT('',(0.7,0.4,0.0));
#2334=CARTESIAN_POINT('',(0.6,0.4,0.0));
#2335=VERTEX_POINT('',#2331);
#2336=VERTEX_POINT('',#2332);
#2337=VERTEX_POINT('',#2333);
#2338=VERTEX_POINT('',#2334);
#2339=DIRECTION('',(1.0,0.0,0.0));
#2340=VECTOR('',#2339,0.1);
#2341=LINE('',#2331,#2340);
#2342=EDGE_CURVE('',#2335,#2336,#2341,.T.);
#2343=DIRECTION('',(0.0,1.0,0.0));
#2344=VECTOR('',#2343,0.1);
#2345=LINE('',#2332,#2344);
#2346=EDGE_CURVE('',#2336,#2337,#2345,.T.);
#2347=DIRECTION('',(-1.0,0.0,0.0));
#2348=VECTOR('',#2347,0.1);
#2349=LINE('',#2333,#2348);
#2350=EDGE_CURVE('',#2337,#2338,#2349,.T.);
#2351=DIRECTION('',(0.0,-1.0,0.0));
#2352=VECTOR('',#2351,0.1);
#2353=LINE('',#2334,#2352);
#2354=EDGE_CURVE('',#2338,#2335,#2353,.T.);
#2355=ORIENTED_EDGE('',$,$,#2342,.T.);
#2356=ORIENTED_EDGE('',$,$,#2346,.T.);
#2357=ORIENTED_EDGE('',$,$,#2350,.T.);
#2358=ORIENTED_EDGE('',$,$,#2354,.T.);
#2359=EDGE_LOOP('',(#2355,#2356,#2357,#2358));
#2360=FACE_OUTER_BOUND('',#2359,.T.);
#2361=ADVANCED_FACE('',(#2360),#5,.T.);
#2362=CARTESIAN_POINT('',(0.6,0.4,0.0));
#2363=CARTESIAN_POINT('',(0.7,0.4,0.0));
#2364=CARTESIAN_POINT('',(0.7,0.5,0.0));
#2365=CARTESIAN_POINT('',(0.6,0.5,0.0));
#2366=VERTEX_POINT('',#2362);
#2367=VERTEX_POINT('',#2363);
#2368=VERTEX_POINT('',#2364);
#2369=VERTEX_POINT('',#2365);
#2370=DIRECTION('',(1.0,0.0,0.0));
#2371=VECTOR('',#2370,0.1);
#2372=LINE('',#2362,#2371);
#2373=EDGE_CURVE('',#2366,#2367,#2372,.T.);
#2374=DIRECTION('',(0.0,1.0,0.0));
#2375=VECTOR('',#2374,0.1);
#2376=LINE('',#2363,#2375);
#2377=EDGE_CURVE('',#2367,#2368,#2376,.T.);
#2378=DIRECTION('',(-1.0,0.0,0.0));
#2379=VECTOR('',#2378,0.1);
#2380=LINE('',#2364,#2379);
#2381=EDGE_CURVE('',#2368,#2369,#2380,.T.);
#2382=DIRECTION('',(0.0,-1.0,0.0));
#2383=VECTOR('',#2382,0.1);
#2384=LINE('',#2365,#2383);
#2385=EDGE_CURVE('',#2369,#2366,#2384,.T.);
#2386=ORIENTED_EDGE('',$,$,#2373,.T.);
#2387=ORIENTED_EDGE('',$,$,#2377,.T.);
#2388=ORIENTED_EDGE('',$,$,#2381,.T.);
#2389=ORIENTED_EDGE('',$,$,#2385,.T.);
#2390=EDGE_LOOP('',(#2386,#2387,#2388,#2389));
#2391=FACE_OUTER_BOUND('',#2390,.T.);
#2392=ADVANCED_FACE('',(#2391),#5,.T.);
#2393=CARTESIAN_POINT('',(0.6,0.5,0.0));
#2394=CARTESIAN_POINT('',(0.7,0.5,0.0));
#2395=CARTESIAN_POINT('',(0.7,0.6,0.0));
#2396=CARTESIAN_POINT('',(0.6,0.6,0.0));
#2397=VERTEX_POINT('',#2393);
#2398=VERTEX_POINT('',#2394);
#2399=VERTEX_POINT('',#2395);
#2400=VERTEX_POINT('',#2396);
#2401=DIRECTION('',(1.0,0.0,0.0));
#2402=VECTOR('',#2401,0.1);
#2403=LINE('',#2393,#2402);
#2404=EDGE_CURVE('',#2397,#2398,#2403,.T.);
#2405=DIRECTION('',(0.0,1.0,0.0));
#2406=VECTOR('',#2405,0.1);
#2407=LINE('',#2394,#2406);
#2408=EDGE_CURVE('',#2398,#2399,#2407,.T.);
#2409=DIRECTION('',(-1.0,0.0,0.0));
#2410=VECTOR('',#2409,0.1);
#2411=LINE('',#2395,#2410);
#2412=EDGE_CURVE('',#2399,#2400,#2411,.T.);
#2413=DIRECTION('',(0.0,-1.0,0.0));
#2414=VECTOR('',#2413,0.1);
#2415=LINE('',#2396,#2414);
#2416=EDGE_CURVE('',#2400,#2397,#2415,.T.);
#2417=ORIENTED_EDGE('',$,$,#2404,.T.);
#2418=ORIENTED_EDGE('',$,$,#2408,.T.);
#2419=ORIENTED_EDGE('',$,$,#2412,.T.);
#2420=ORIENTED_EDGE('',$,$,#2416,.T.);
#2421=EDGE_LOOP('',(#2417,#2418,#2419,#2420));
#2422=FACE_OUTER_BOUND('',#2421,.T.);
#2423=ADVANCED_FACE('',(#2422),#5,.T.);
#2424=CARTESIAN_POINT('',(0.6,0.6,0.0));
#2425=CARTESIAN_POINT('',(0.7,0.6,0.0));
#2426=CARTESIAN_POINT('',(0.7,0.7,0.0));
#2427=CARTESIAN_POINT('',(0.6,0.7,0.0));
#2428=VERTEX_POINT('',#2424);
#2429=VERTEX_POINT('',#2425);
#2430=VERTEX_POINT('',#2426);
#2431=VERTEX_POINT('',#2427);
#2432=DIRECTION('',(1.0,0.0,0.0));
#2433=VECTOR('',#2432,0.1);
#2434=LINE('',#2424,#2433);
#2435=EDGE_CURVE('',#2428,#2429,#2434,.T.);
#2436=DIRECTION('',(0.0,1.0,0.0));
#2437=VECTOR('',#2436,0.1);
#2438=LINE('',#2425,#2437);
#2439=EDGE_CURVE('',#2429,#2430,#2438,.T.);
#2440=DIRECTION('',(-1.0,0.0,0.0));
#2441=VECTOR('',#2440,0.1);
#2442=LINE('',#2426,#2441);
#2443=EDGE_CURVE('',#2430,#2431,#2442,.T.);
#2444=DIRECTION('',(0.0,-1.0,0.0));
#2445=VECTOR('',#2444,0.1);
#2446=LINE('',#2427,#2445);
#2447=EDGE_CURVE('',#2431,#2428,#2446,.T.);
#2448=ORIENTED_EDGE('',$,$,#2435,.T.);
#2449=ORIENTED_EDGE('',$,$,#2439,.T.);
#2450=ORIENTED_EDGE('',$,$,#2443,.T.);
#2451=ORIENTED_EDGE('',$,$,#2447,.T.);
#2452=EDGE_LOOP('',(#2448,#2449,#2450,#2451));
#2453=FACE_OUTER_BOUND('',#2452,.T.);
#2454=ADVANCED_FACE('',(#2453),#5,.T.);
#2455=CARTESIAN_POINT('',(0.6,0.7,0.0));
#2456=CARTESIAN_POINT('',(0.7,0.7,0.0));
#2457=CARTESIAN_POINT('',(0.7,0.8,0.0));
#2458=CARTESIAN_POINT('',(0.6,0.8,0.0));
#2459=VERTEX_POINT('',#2455);
#2460=VERTEX_POINT('',#2456);
#2461=VERTEX_POINT('',#2457);
#2462=VERTEX_POINT('',#2458);
#2463=DIRECTION('',(1.0,0.0,0.0));
#2464=VECTOR('',#2463,0.1);
#2465=LINE('',#2455,#2464);
#2466=EDGE_CURVE('',#2459,#2460,#2465,.T.);
#2467=DIRECTION('',(0.0,1.0,0.0));
#2468=VECTOR('',#2467,0.1);
#2469=LINE('',#2456,#2468);
#2470=EDGE_CURVE('',#2460,#2461,#2469,.T.);
#2471=DIRECTION('',(-1.0,0.0,0.0));
#2472=VECTOR('',#2471,0.1);
#2473=LINE('',#2457,#2472);
#2474=EDGE_CURVE('',#2461,#2462,#2473,.T.);
#2475=DIRECTION('',(0.0,-1.0,0.0));
#2476=VECTOR('',#2475,0.1);
#2477=LINE('',#2458,#2476);
#2478=EDGE_CURVE('',#2462,#2459,#2477,.T.);
#2479=ORIENTED_EDGE('',$,$,#2466,.T.);
#2480=ORIENTED_EDGE('',$,$,#2470,.T.);
#2481=ORIENTED_EDGE('',$,$,#2474,.T.);
#2482=ORIENTED_EDGE('',$,$,#2478,.T.);
#2483=EDGE_LOOP('',(#2479,#2480,#2481,#2482));
#2484=FACE_OUTER_BOUND('',#2483,.T.);
#2485=ADVANCED_FACE('',(#2484),#5,.T.);
#2486=CARTESIAN_POINT('',(0.6,0.8,0.0));
#2487=CARTESIAN_POINT('',(0.7,0.8,0.0));
#2488=CARTESIAN_POINT('',(0.7,0.9,0.0));
#2489=CARTESIAN_POINT('',(0.6,0.9,0.0));
#2490=VERTEX_POINT('',#2486);
#2491=VERTEX_POINT('',#2487);
#2492=VERTEX_POINT('',#2488);
#2493=VERTEX_POINT('',#2489);
#2494=DIRECTION('',(1.0,0.0,0.0));
#2495=VECTOR('',#2494,0.1);
#2496=LINE('',#2486,#2495);
#2497=EDGE_CURVE('',#2490,#2491,#2496,.T.);
#2498=DIRECTION('',(0.0,1.0,0.0));
#2499=VECTOR('',#2498,0.1);
#2500=LINE('',#2487,#2499);
#2501=EDGE_CURVE('',#2491,#2492,#2500,.T.);
#2502=DIRECTION('',(-1.0,0.0,0.0));
#2503=VECTOR('',#2502,0.1);
#2504=LINE('',#2488,#2503);
#2505=EDGE_CURVE('',#2492,#2493,#2504,.T.);
#2506=DIRECTION('',(0.0,-1.0,0.0));
#2507=VECTOR('',#2506,0.1);
#2508=LINE('',#2489,#2507);
#2509=EDGE_CURVE('',#2493,#2490,#2508,.T.);
#2510=ORIENTED_EDGE('',$,$,#2497,.T.);
#2511=ORIENTED_EDGE('',$,$,#2501,.T.);
#2512=ORIENTED_EDGE('',$,$,#2505,.T.);
#2513=ORIENTED_EDGE('',$,$,#2509,.T.);
#2514=EDGE_LOOP('',(#2510,#2511,#2512,#2513));
#2515=FACE_OUTER_BOUND('',#2514,.T.);
#2516=ADVANCED_FACE('',(#2515),#5,.T.);
#2517=CARTESIAN_POINT('',(0.6,0.9,0.0));
#2518=CARTESIAN_POINT('',(0.7,0.9,0.0));
#2519=CARTESIAN_POINT('',(0.7,1.0,0.0));
#2520=CARTESIAN_POINT('',(0.6,1.0,0.0));
#2521=VERTEX_POINT('',#2517);
#2522=VERTEX_POINT('',#2518);
#2523=VERTEX_POINT('',#2519);
#2524=VERTEX_POINT('',#2520);
#2525=DIRECTION('',(1.0,0.0,0.0));
#2526=VECTOR('',#2525,0.1);
#2527=LINE('',#2517,#2526);
#2528=EDGE_CURVE('',#2521,#2522,#2527,.T.);
#2529=DIRECTION('',(0.0,1.0,0.0));
#2530=VECTOR('',#2529,0.1);
#2531=LINE('',#2518,#2530);
#2532=EDGE_CURVE('',#2522,#2523,#2531,.T.);
#2533=DIRECTION('',(-1.0,0.0,0.0));
#2534=VECTOR('',#2533,0.1);
#2535=LINE('',#2519,#2534);
#2536=EDGE_CURVE('',#2523,#2524,#2535,.T.);
#2537=DIRECTION('',(0.0,-1.0,0.0));
#2538=VECTOR('',#2537,0.1);
#2539=LINE('',#2520,#2538);
#2540=EDGE_CURVE('',#2524,#2521,#2539,.T.);
#2541=ORIENTED_EDGE('',$,$,#2528,.T.);
#2542=ORIENTED_EDGE('',$,$,#2532,.T.);
#2543=ORIENTED_EDGE('',$,$,#2536,.T.);
#2544=ORIENTED_EDGE('',$,$,#2540,.T.);
#2545=EDGE_LOOP('',(#2541,#2542,#2543,#2544));
#2546=FACE_OUTER_BOUND('',#2545,.T.);
#2547=ADVANCED_FACE('',(#2546),#5,.T.);
#2548=CARTESIAN_POINT('',(0.6,1.0,0.0));
#2549=CARTESIAN_POINT('',(0.7,1.0,0.0));
#2550=CARTESIAN_POINT('',(0.7,1.1,0.0));
#2551=CARTESIAN_POINT('',(0.6,1.1,0.0));
#2552=VERTEX_POINT('',#2548);
#2553=VERTEX_POINT('',#2549);
#2554=VERTEX_POINT('',#2550);
#2555=VERTEX_POINT('',#2551);
#2556=DIRECTION('',(1.0,0.0,0.0));
#2557=VECTOR('',#2556,0.1);
#2558=LINE('',#2548,#2557);
#2559=EDGE_CURVE('',#2552,#2553,#2558,.T.);
#2560=DIRECTION('',(0.0,1.0,0.0));
#2561=VECTOR('',#2560,0.1);
#2562=LINE('',#2549,#2561);
#2563=EDGE_CURVE('',#2553,#2554,#2562,.T.);
#2564=DIRECTION('',(-1.0,0.0,0.0));
#2565=VECTOR('',#2564,0.1);
#2566=LINE('',#2550,#2565);
#2567=EDGE_CURVE('',#2554,#2555,#2566,.T.);
#2568=DIRECTION('',(0.0,-1.0,0.0));
#2569=VECTOR('',#2568,0.1);
#2570=LINE('',#2551,#2569);
#2571=EDGE_CURVE('',#2555,#2552,#2570,.T.);
#2572=ORIENTED_EDGE('',$,$,#2559,.T.);
#2573=ORIENTED_EDGE('',$,$,#2563,.T.);
#2574=ORIENTED_EDGE('',$,$,#2567,.T.);
#2575=ORIENTED_EDGE('',$,$,#2571,.T.);
#2576=EDGE_LOOP('',(#2572,#2573,#2574,#2575));
#2577=FACE_OUTER_BOUND('',#2576,.T.);
#2578=ADVANCED_FACE('',(#2577),#5,.T.);
#2579=CARTESIAN_POINT('',(0.6,1.1,0.0));
#2580=CARTESIAN_POINT('',(0.7,1.1,0.0));
#2581=CARTESIAN_POINT('',(0.7,1.2,0.0));
#2582=CARTESIAN_POINT('',(0.6,1.2,0.0));
#2583=VERTEX_POINT('',#2579);
#2584=VERTEX_POINT('',#2580);
#2585=VERTEX_POINT('',#2581);
#2586=VERTEX_POINT('',#2582);
#2587=DIRECTION('',(1.0,0.0,0.0));
#2588=VECTOR('',#2587,0.1);
#2589=LINE('',#2579,#2588);
#2590=EDGE_CURVE('',#2583,#2584,#2589,.T.);
#2591=DIRECTION('',(0.0,1.0,0.0));
#2592=VECTOR('',#2591,0.1);
#2593=LINE('',#2580,#2592);
#2594=EDGE_CURVE('',#2584,#2585,#2593,.T.);
#2595=DIRECTION('',(-1.0,0.0,0.0));
#2596=VECTOR('',#2595,0.1);
#2597=LINE('',#2581,#2596);
#2598=EDGE_CURVE('',#2585,#2586,#2597,.T.);
#2599=DIRECTION('',(0.0,-1.0,0.0));
#2600=VECTOR('',#2599,0.1);
#2601=LINE('',#2582,#2600);
#2602=EDGE_CURVE('',#2586,#2583,#2601,.T.);
#2603=ORIENTED_EDGE('',$,$,#2590,.T.);
#2604=ORIENTED_EDGE('',$,$,#2594,.T.);
#2605=ORIENTED_EDGE('',$,$,#2598,.T.);
#2606=ORIENTED_EDGE('',$,$,#2602,.T.);
#2607=EDGE_LOOP('',(#2603,#2604,#2605,#2606));
#2608=FACE_OUTER_BOUND('',#2607,.T.);
#2609=ADVANCED_FACE('',(#2608),#5,.T.);
#2610=CARTESIAN_POINT('',(0.7,0.0,0.0));
#2611=CARTESIAN_POINT('',(0.8,0.0,0.0));
#2612=CARTESIAN_POINT('',(0.8,0.1,0.0));
#2613=CARTESIAN_POINT('',(0.7,0.1,0.0));
#2614=VERTEX_POINT('',#2610);
#2615=VERTEX_POINT('',#2611);
#2616=VERTEX_POINT('',#2612);
#2617=VERTEX_POINT('',#2613);
#2618=DIRECTION('',(1.0,0.0,0.0));
#2619=VECTOR('',#2618,0.1);
#2620=LINE('',#2610,#2619);
#2621=EDGE_CURVE('',#2614,#2615,#2620,.T.);
#2622=DIRECTION('',(0.0,1.0,0.0));
#2623=VECTOR('',#2622,0.1);
#2624=LINE('',#2611,#2623);
#2625=EDGE_CURVE('',#2615,#2616,#2624,.T.);
#2626=DIRECTION('',(-1.0,0.0,0.0));
#2627=VECTOR('',#2626,0.1);
#2628=LINE('',#2612,#2627);
#2629=EDGE_CURVE('',#2616,#2617,#2628,.T.);
#2630=DIRECTION('',(0.0,-1.0,0.0));
#2631=VECTOR('',#2630,0.1);
#2632=LINE('',#2613,#2631);
#2633=EDGE_CURVE('',#2617,#2614,#2632,.T.);
#2634=ORIENTED_EDGE('',$,$,#2621,.T.);
#2635=ORIENTED_EDGE('',$,$,#2625,.T.);
#2636=ORIENTED_EDGE('',$,$,#2629,.T.);
#2637=ORIENTED_EDGE('',$,$,#2633,.T.);
#2638=EDGE_LOOP('',(#2634,#2635,#2636,#2637));
#2639=FACE_OUTER_BOUND('',#2638,.T.);
#2640=ADVANCED_FACE('',(#2639),#5,.T.);
#2641=CARTESIAN_POINT('',(0.7,0.1,0.0));
#2642=CARTESIAN_POINT('',(0.8,0.1,0.0));
#2643=CARTESIAN_POINT('',(0.8,0.2,0.0));
#2644=CARTESIAN_POINT('',(0.7,0.2,0.0));
#2645=VERTEX_POINT('',#2641);
#2646=VERTEX_POINT('',#2642);
#2647=VERTEX_POINT('',#2643);
#2648=VERTEX_POINT('',#2644);
#2649=DIRECTION('',(1.0,0.0,0.0));
#2650=VECTOR('',#2649,0.1);
#2651=LINE('',#2641,#2650);
#2652=EDGE_CURVE('',#2645,#2646,#2651,.T.);
#2653=DIRECTION('',(0.0,1.0,0.0));
#2654=VECTOR('',#2653,0.1);
#2655=LINE('',#2642,#2654);
#2656=EDGE_CURVE('',#2646,#2647,#2655,.T.);
#2657=DIRECTION('',(-1.0,0.0,0.0));
#2658=VECTOR('',#2657,0.1);
#2659=LINE('',#2643,#2658);
#2660=EDGE_CURVE('',#2647,#2648,#2659,.T.);
#2661=DIRECTION('',(0.0,-1.0,0.0));
#2662=VECTOR('',#2661,0.1);
#2663=LINE('',#2644,#2662);
#2664=EDGE_CURVE('',#2648,#2645,#2663,.T.);
#2665=ORIENTED_EDGE('',$,$,#2652,.T.);
#2666=ORIENTED_EDGE('',$,$,#2656,.T.);
#2667=ORIENTED_EDGE('',$,$,#2660,.T.);
#2668=ORIENTED_EDGE('',$,$,#2664,.T.);
#2669=EDGE_LOOP('',(#2665,#2666,#2667,#2668));
#2670=FACE_OUTER_BOUND('',#2669,.T.);
#2671=ADVANCED_FACE('',(#2670),#5,.T.);
#2672=CARTESIAN_POINT('',(0.7,0.2,0.0));
#2673=CARTESIAN_POINT('',(0.8,0.2,0.0));
#2674=CARTESIAN_POINT('',(0.8,0.3,0.0));
#2675=CARTESIAN_POINT('',(0.7,0.3,0.0));
#2676=VERTEX_POINT('',#2672);
#2677=VERTEX_POINT('',#2673);
#2678=VERTEX_POINT('',#2674);
#2679=VERTEX_POINT('',#2675);
#2680=DIRECTION('',(1.0,0.0,0.0));
#2681=VECTOR('',#2680,0.1);
#2682=LINE('',#2672,#2681);
#2683=EDGE_CURVE('',#2676,#2677,#2682,.T.);
#2684=DIRECTION('',(0.0,1.0,0.0));
#2685=VECTOR('',#2684,0.1);
#2686=LINE('',#2673,#2685);
#2687=EDGE_CURVE('',#2677,#2678,#2686,.T.);
#2688=DIRECTION('',(-1.0,0.0,0.0));
#2689=VECTOR('',#2688,0.1);
#2690=LINE('',#2674,#2689);
#2691=EDGE_CURVE('',#2678,#2679,#2690,.T.);
#2692=DIRECTION('',(0.0,-1.0,0.0));
#2693=VECTOR('',#2692,0.1);
#2694=LINE('',#2675,#2693);
#2695=EDGE_CURVE('',#2679,#2676,#2694,.T.);
#2696=ORIENTED_EDGE('',$,$,#2683,.T.);
#2697=ORIENTED_EDGE('',$,$,#2687,.T.);
#2698=ORIENTED_EDGE('',$,$,#2691,.T.);
#2699=ORIENTED_EDGE('',$,$,#2695,.T.);
#2700=EDGE_LOOP('',(#2696,#2697,#2698,#2699));
#2701=FACE_OUTER_BOUND('',#2700,.T.);
#2702=ADVANCED_FACE('',(#2701),#5,.T.);
#2703=CARTESIAN_POINT('',(0.7,0.3,0.0));
#2704=CARTESIAN_POINT('',(0.8,0.3,0.0));
#2705=CARTESIAN_POINT('',(0.8,0.4,0.0));
#2706=CARTESIAN_POINT('',(0.7,0.4,0.0));
#2707=VERTEX_POINT('',#2703);
#2708=VERTEX_POINT('',#2704);
#2709=VERTEX_POINT('',#2705);
#2710=VERTEX_POINT('',#2706);
#2711=DIRECTION('',(1.0,0.0,0.0));
#2712=VECTOR('',#2711,0.1);
#2713=LINE('',#2703,#2712);
#2714=EDGE_CURVE('',#2707,#2708,#2713,.T.);
#2715=DIRECTION('',(0.0,1.0,0.0));
#2716=VECTOR('',#2715,0.1);
#2717=LINE('',#2704,#2716);
#2718=EDGE_CURVE('',#2708,#2709,#2717,.T.);
#2719=DIRECTION('',(-1.0,0.0,0.0));
#2720=VECTOR('',#2719,0.1);
#2721=LINE('',#2705,#2720);
#2722=EDGE_CURVE('',#2709,#2710,#2721,.T.);
#2723=DIRECTION('',(0.0,-1.0,0.0));
#2724=VECTOR('',#2723,0.1);
#2725=LINE('',#2706,#2724);
#2726=EDGE_CURVE('',#2710,#2707,#2725,.T.);
#2727=ORIENTED_EDGE('',$,$,#2714,.T.);
#2728=ORIENTED_EDGE('',$,$,#2718,.T.);
#2729=ORIENTED_EDGE('',$,$,#2722,.T.);
#2730=ORIENTED_EDGE('',$,$,#2726,.T.);
#2731=EDGE_LOOP('',(#2727,#2728,#2729,#2730));
#2732=FACE_OUTER_BOUND('',#2731,.T.);
#2733=ADVANCED_FACE('',(#2732),#5,.T.);
#2734=CARTESIAN_POINT('',(0.7,0.4,0.0));
#2735=CARTESIAN_POINT('',(0.8,0.4,0.0));
#2736=CARTESIAN_POINT('',(0.8,0.5,0.0));
#2737=CARTESIAN_POINT('',(0.7,0.5,0.0));
#2738=VERTEX_POINT('',#2734);
#2739=VERTEX_POINT('',#2735);
#2740=VERTEX_POINT('',#2736);
#2741=VERTEX_POINT('',#2737);
#2742=DIRECTION('',(1.0,0.0,0.0));
#2743=VECTOR('',#2742,0.1);
#2744=LINE('',#2734,#2743);
#2745=EDGE_CURVE('',#2738,#2739,#2744,.T.);
#2746=DIRECTION('',(0.0,1.0,0.0));
#2747=VECTOR('',#2746,0.1);
#2748=LINE('',#2735,#2747);
#2749=EDGE_CURVE('',#2739,#2740,#2748,.T.);
#2750=DIRECTION('',(-1.0,0.0,0.0));
#2751=VECTOR('',#2750,0.1);
#2752=LINE('',#2736,#2751);
#2753=EDGE_CURVE('',#2740,#2741,#2752,.T.);
#2754=DIRECTION('',(0.0,-1.0,0.0));
#2755=VECTOR('',#2754,0.1);
#2756=LINE('',#2737,#2755);
#2757=EDGE_CURVE('',#2741,#2738,#2756,.T.);
#2758=ORIENTED_EDGE('',$,$,#2745,.T.);
#2759=ORIENTED_EDGE('',$,$,#2749,.T.);
#2760=ORIENTED_EDGE('',$,$,#2753,.T.);
#2761=ORIENTED_EDGE('',$,$,#2757,.T.);
#2762=EDGE_LOOP('',(#2758,#2759,#2760,#2761));
#2763=FACE_OUTER_BOUND('',#2762,.T.);
#2764=ADVANCED_FACE('',(#2763),#5,.T.);
#2765=CARTESIAN_POINT('',(0.7,0.5,0.0));
#2766=CARTESIAN_POINT('',(0.8,0.5,0.0));
#2767=CARTESIAN_POINT('',(0.8,0.6,0.0));
#2768=CARTESIAN_POINT('',(0.7,0.6,0.0));
#2769=VERTEX_POINT('',#2765);
#2770=VERTEX_POINT('',#2766);
#2771=VERTEX_POINT('',#2767);
#2772=VERTEX_POINT('',#2768);
#2773=DIRECTION('',(1.0,0.0,0.0));
#2774=VECTOR('',#2773,0.1);
#2775=LINE('',#2765,#2774);
#2776=EDGE_CURVE('',#2769,#2770,#2775,.T.);
#2777=DIRECTION('',(0.0,1.0,0.0));
#2778=VECTOR('',#2777,0.1);
#2779=LINE('',#2766,#2778);
#2780=EDGE_CURVE('',#2770,#2771,#2779,.T.);
#2781=DIRECTION('',(-1.0,0.0,0.0));
#2782=VECTOR('',#2781,0.1);
#2783=LINE('',#2767,#2782);
#2784=EDGE_CURVE('',#2771,#2772,#2783,.T.);
#2785=DIRECTION('',(0.0,-1.0,0.0));
#2786=VECTOR('',#2785,0.1);
#2787=LINE('',#2768,#2786);
#2788=EDGE_CURVE('',#2772,#2769,#2787,.T.);
#2789=ORIENTED_EDGE('',$,$,#2776,.T.);
#2790=ORIENTED_EDGE('',$,$,#2780,.T.);
#2791=ORIENTED_EDGE('',$,$,#2784,.T.);
#2792=ORIENTED_EDGE('',$,$,#2788,.T.);
#2793=EDGE_LOOP('',(#2789,#2790,#2791,#2792));
#2794=FACE_OUTER_BOUND('',#2793,.T.);
#2795=ADVANCED_FACE('',(#2794),#5,.T.);
#2796=CARTESIAN_POINT('',(0.7,0.6,0.0));
#2797=CARTESIAN_POINT('',(0.8,0.6,0.0));
#2798=CARTESIAN_POINT('',(0.8,0.7,0.0));
#2799=CARTESIAN_POINT('',(0.7,0.7,0.0));
#2800=VERTEX_POINT('',#2796);
#2801=VERTEX_POINT('',#2797);
#2802=VERTEX_POINT('',#2798);
#2803=VERTEX_POINT('',#2799);
#2804=DIRECTION('',(1.0,0.0,0.0));
#2805=VECTOR('',#2804,0.1);
#2806=LINE('',#2796,#2805);
#2807=EDGE_CURVE('',#2800,#2801,#2806,.T.);
#2808=DIRECTION('',(0.0,1.0,0.0));
#2809=VECTOR('',#2808,0.1);
#2810=LINE('',#2797,#2809);
#2811=EDGE_CURVE('',#2801,#2802,#2810,.T.);
#2812=DIRECTION('',(-1.0,0.0,0.0));
#2813=VECTOR('',#2812,0.1);
#2814=LINE('',#2798,#2813);
#2815=EDGE_CURVE('',#2802,#2803,#2814,.T.);
#2816=DIRECTION('',(0.0,-1.0,0.0));
#2817=VECTOR('',#2816,0.1);
#2818=LINE('',#2799,#2817);
#2819=EDGE_CURVE('',#2803,#2800,#2818,.T.);
#2820=ORIENTED_EDGE('',$,$,#2807,.T.);
#2821=ORIENTED_EDGE('',$,$,#2811,.T.);
#2822=ORIENTED_EDGE('',$,$,#2815,.T.);
#2823=ORIENTED_EDGE('',$,$,#2819,.T.);
#2824=EDGE_LOOP('',(#2820,#2821,#2822,#2823));
#2825=FACE_OUTER_BOUND('',#2824,.T.);
#2826=ADVANCED_FACE('',(#2825),#5,.T.);
#2827=CARTESIAN_POINT('',(0.7,0.7,0.0));
#2828=CARTESIAN_POINT('',(0.8,0.7,0.0));
#2829=CARTESIAN_POINT('',(0.8,0.8,0.0));
#2830=CARTESIAN_POINT('',(0.7,0.8,0.0));
#2831=VERTEX_POINT('',#2827);
#2832=VERTEX_POINT('',#2828);
#2833=VERTEX_POINT('',#2829);
#2834=VERTEX_POINT('',#2830);
#2835=DIRECTION('',(1.0,0.0,0.0));
#2836=VECTOR('',#2835,0.1);
#2837=LINE('',#2827,#2836);
#2838=EDGE_CURVE('',#2831,#2832,#2837,.T.);
#2839=DIRECTION('',(0.0,1.0,0.0));
#2840=VECTOR('',#2839,0.1);
#2841=LINE('',#2828,#2840);
#2842=EDGE_CURVE('',#2832,#2833,#2841,.T.);
#2843=DIRECTION('',(-1.0,0.0,0.0));
#2844=VECTOR('',#2843,0.1);
#2845=LINE('',#2829,#2844);
#2846=EDGE_CURVE('',#2833,#2834,#2845,.T.);
#2847=DIRECTION('',(0.0,-1.0,0.0));
#2848=VECTOR('',#2847,0.1);
#2849=LINE('',#2830,#2848);
#2850=EDGE_CURVE('',#2834,#2831,#2849,.T.);
#2851=ORIENTED_EDGE('',$,$,#2838,.T.);
#2852=ORIENTED_EDGE('',$,$,#2842,.T.);
#2853=ORIENTED_EDGE('',$,$,#2846,.T.);
#2854=ORIENTED_EDGE('',$,$,#2850,.T.);
#2855=EDGE_LOOP('',(#2851,#2852,#2853,#2854));
#2856=FACE_OUTER_BOUND('',#2855,.T.);
#2857=ADVANCED_FACE('',(#2856),#5,.T.);
#2858=CARTESIAN_POINT('',(0.7,0.8,0.0));
#2859=CARTESIAN_POINT('',(0.8,0.8,0.0));
#2860=CARTESIAN_POINT('',(0.8,0.9,0.0));
#2861=CARTESIAN_POINT('',(0.7,0.9,0.0));
#2862=VERTEX_POINT('',#2858);
#2863=VERTEX_POINT('',#2859);
#2864=VERTEX_POINT('',#2860);
#2865=VERTEX_POINT('',#2861);
#2866=DIRECTION('',(1.0,0.0,0.0));
#2867=VECTOR('',#2866,0.1);
#2868=LINE('',#2858,#2867);
#2869=EDGE_CURVE('',#2862,#2863,#2868,.T.);
#2870=DIRECTION('',(0.0,1.0,0.0));
#2871=VECTOR('',#2870,0.1);
#2872=LINE('',#2859,#2871);
#2873=EDGE_CURVE('',#2863,#2864,#2872,.T.);
#2874=DIRECTION('',(-1.0,0.0,0.0));
#2875=VECTOR('',#2874,0.1);
#2876=LINE('',#2860,#2875);
#2877=EDGE_CURVE('',#2864,#2865,#2876,.T.);
#2878=DIRECTION('',(0.0,-1.0,0.0));
#2879=VECTOR('',#2878,0.1);
#2880=LINE('',#2861,#2879);
#2881=EDGE_CURVE('',#2865,#2862,#2880,.T.);
#2882=ORIENTED_EDGE('',$,$,#2869,.T.);
#2883=ORIENTED_EDGE('',$,$,#2873,.T.);
#2884=ORIENTED_EDGE('',$,$,#2877,.T.);
#2885=ORIENTED_EDGE('',$,$,#2881,.T.);
#2886=EDGE_LOOP('',(#2882,#2883,#2884,#2885));
#2887=FACE_OUTER_BOUND('',#2886,.T.);
#2888=ADVANCED_FACE('',(#2887),#5,.T.);
#2889=CARTESIAN_POINT('',(0.7,0.9,0.0));
#2890=CARTESIAN_POINT('',(0.8,0.9,0.0));
#2891=CARTESIAN_POINT('',(0.8,1.0,0.0));
#2892=CARTESIAN_POINT('',(0.7,1.0,0.0));
#2893=VERTEX_POINT('',#2889);
#2894=VERTEX_POINT('',#2890);
#2895=VERTEX_POINT('',#2891);
#2896=VERTEX_POINT('',#2892);
#2897=DIRECTION('',(1.0,0.0,0.0));
#2898=VECTOR('',#2897,0.1);
#2899=LINE('',#2889,#2898);
#2900=EDGE_CURVE('',#2893,#2894,#2899,.T.);
#2901=DIRECTION('',(0.0,1.0,0.0));
#2902=VECTOR('',#2901,0.1);
#2903=LINE('',#2890,#2902);
#2904=EDGE_CURVE('',#2894,#2895,#2903,.T.);
#2905=DIRECTION('',(-1.0,0.0,0.0));
#2906=VECTOR('',#2905,0.1);
#2907=LINE('',#2891,#2906);
#2908=EDGE_CURVE('',#2895,#2896,#2907,.T.);
#2909=DIRECTION('',(0.0,-1.0,0.0));
#2910=VECTOR('',#2909,0.1);
#2911=LINE('',#2892,#2910);
#2912=EDGE_CURVE('',#2896,#2893,#2911,.T.);
#2913=ORIENTED_EDGE('',$,$,#2900,.T.);
#2914=ORIENTED_EDGE('',$,$,#2904,.T.);
#2915=ORIENTED_EDGE('',$,$,#2908,.T.);
#2916=ORIENTED_EDGE('',$,$,#2912,.T.);
#2917=EDGE_LOOP('',(#2913,#2914,#2915,#2916));
#2918=FACE_OUTER_BOUND('',#2917,.T.);
#2919=ADVANCED_FACE('',(#2918),#5,.T.);
#2920=CARTESIAN_POINT('',(0.7,1.0,0.0));
#2921=CARTESIAN_POINT('',(0.8,1.0,0.0));
#2922=CARTESIAN_POINT('',(0.8,1.1,0.0));
#2923=CARTESIAN_POINT('',(0.7,1.1,0.0));
#2924=VERTEX_POINT('',#2920);
#2925=VERTEX_POINT('',#2921);
#2926=VERTEX_POINT('',#2922);
#2927=VERTEX_POINT('',#2923);
#2928=DIRECTION('',(1.0,0.0,0.0));
#2929=VECTOR('',#2928,0.1);
#2930=LINE('',#2920,#2929);
#2931=EDGE_CURVE('',#2924,#2925,#2930,.T.);
#2932=DIRECTION('',(0.0,1.0,0.0));
#2933=VECTOR('',#2932,0.1);
#2934=LINE('',#2921,#2933);
#2935=EDGE_CURVE('',#2925,#2926,#2934,.T.);
#2936=DIRECTION('',(-1.0,0.0,0.0));
#2937=VECTOR('',#2936,0.1);
#2938=LINE('',#2922,#2937);
#2939=EDGE_CURVE('',#2926,#2927,#2938,.T.);
#2940=DIRECTION('',(0.0,-1.0,0.0));
#2941=VECTOR('',#2940,0.1);
#2942=LINE('',#2923,#2941);
#2943=EDGE_CURVE('',#2927,#2924,#2942,.T.);
#2944=ORIENTED_EDGE('',$,$,#2931,.T.);
#2945=ORIENTED_EDGE('',$,$,#2935,.T.);
#2946=ORIENTED_EDGE('',$,$,#2939,.T.);
#2947=ORIENTED_EDGE('',$,$,#2943,.T.);
#2948=EDGE_LOOP('',(#2944,#2945,#2946,#2947));
#2949=FACE_OUTER_BOUND('',#2948,.T.);
#2950=ADVANCED_FACE('',(#2949),#5,.T.);
#2951=CARTESIAN_POINT('',(0.7,1.1,0.0));
#2952=CARTESIAN_POINT('',(0.8,1.1,0.0));
#2953=CARTESIAN_POINT('',(0.8,1.2,0.0));
#2954=CARTESIAN_POINT('',(0.7,1.2,0.0));
#2955=VERTEX_POINT('',#2951);
#2956=VERTEX_POINT('',#2952);
#2957=VERTEX_POINT('',#2953);
#2958=VERTEX_POINT('',#2954);
#2959=DIRECTION('',(1.0,0.0,0.0));
#2960=VECTOR('',#2959,0.1);
#2961=LINE('',#2951,#2960);
#2962=EDGE_CURVE('',#2955,#2956,#2961,.T.);
#2963=DIRECTION('',(0.0,1.0,0.0));
#2964=VECTOR('',#2963,0.1);
#2965=LINE('',#2952,#2964);
#2966=EDGE_CURVE('',#2956,#2957,#2965,.T.);
#2967=DIRECTION('',(-1.0,0.0,0.0));
#2968=VECTOR('',#2967,0.1);
#2969=LINE('',#2953,#2968);
#2970=EDGE_CURVE('',#2957,#2958,#2969,.T.);
#2971=DIRECTION('',(0.0,-1.0,0.0));
#2972=VECTOR('',#2971,0.1);
#2973=LINE('',#2954,#2972);
#2974=EDGE_CURVE('',#2958,#2955,#2973,.T.);
#2975=ORIENTED_EDGE('',$,$,#2962,.T.);
#2976=ORIENTED_EDGE('',$,$,#2966,.T.);
#2977=ORIENTED_EDGE('',$,$,#2970,.T.);
#2978=ORIENTED_EDGE('',$,$,#2974,.T.);
#2979=EDGE_LOOP('',(#2975,#2976,#2977,#2978));
#2980=FACE_OUTER_BOUND('',#2979,.T.);
#2981=ADVANCED_FACE('',(#2980),#5,.T.);
#2982=CARTESIAN_POINT('',(0.8,0.0,0.0));
#2983=CARTESIAN_POINT('',(0.9,0.0,0.0));
#2984=CARTESIAN_POINT('',(0.9,0.1,0.0));
#2985=CARTESIAN_POINT('',(0.8,0.1,0.0));
#2986=VERTEX_POINT('',#2982);
#2987=VERTEX_POINT('',#2983);
#2988=VERTEX_POINT('',#2984);
#2989=VERTEX_POINT('',#2985);
#2990=DIRECTION('',(1.0,0.0,0.0));
#2991=VECTOR('',#2990,0.1);
#2992=LINE('',#2982,#2991);
#2993=EDGE_CURVE('',#2986,#2987,#2992,.T.);
#2994=DIRECTION('',(0.0,1.0,0.0));
#2995=VECTOR('',#2994,0.1);
#2996=LINE('',#2983,#2995);
#2997=EDGE_CURVE('',#2987,#2988,#2996,.T.);
#2998=DIRECTION('',(-1.0,0.0,0.0));
#2999=VECTOR('',#2998,0.1);
#3000=LINE('',#2984,#2999);
#3001=EDGE_CURVE('',#2988,#2989,#3000,.T.);
#3002=DIRECTION('',(0.0,-1.0,0.0));
#3003=VECTOR('',#3002,0.1);
#3004=LINE('',#2985,#3003);
#3005=EDGE_CURVE('',#2989,#2986,#3004,.T.);
#3006=ORIENTED_EDGE('',$,$,#2993,.T.);
#3007=ORIENTED_EDGE('',$,$,#2997,.T.);
#3008=ORIENTED_EDGE('',$,$,#3001,.T.);
#3009=ORIENTED_EDGE('',$,$,#3005,.T.);
#3010=EDGE_LOOP('',(#3006,#3007,#3008,#3009));
#3011=FACE_OUTER_BOUND('',#3010,.T.);
#3012=ADVANCED_FACE('',(#3011),#5,.T.);
#3013=CARTESIAN_POINT('',(0.8,0.1,0.0));
#3014=CARTESIAN_POINT('',(0.9,0.1,0.0));
#3015=CARTESIAN_POINT('',(0.9,0.2,0.0));
#3016=CARTESIAN_POINT('',(0.8,0.2,0.0));
#3017=VERTEX_POINT('',#3013);
#3018=VERTEX_POINT('',#3014);
#3019=VERTEX_POINT('',#3015);
#3020=VERTEX_POINT('',#3016);
#3021=DIRECTION('',(1.0,0.0,0.0));
#3022=VECTOR('',#3021,0.1);
#3023=LINE('',#3013,#3022);
#3024=EDGE_CURVE('',#3017,#3018,#3023,.T.);
#3025=DIRECTION('',(0.0,1.0,0.0));
#3026=VECTOR('',#3025,0.1);
#3027=LINE('',#3014,#3026);
#3028=EDGE_CURVE('',#3018,#3019,#3027,.T.);
#3029=DIRECTION('',(-1.0,0.0,0.0));
#3030=VECTOR('',#3029,0.1);
#3031=LINE('',#3015,#3030);
#3032=EDGE_CURVE('',#3019,#3020,#3031,.T.);
#3033=DIRECTION('',(0.0,-1.0,0.0));
#3034=VECTOR('',#3033,0.1);
#3035=LINE('',#3016,#3034);
#3036=EDGE_CURVE('',#3020,#3017,#3035,.T.);
#3037=ORIENTED_EDGE('',$,$,#3024,.T.);
#3038=ORIENTED_EDGE('',$,$,#3028,.T.);
#3039=ORIENTED_EDGE('',$,$,#3032,.T.);
#3040=ORIENTED_EDGE('',$,$,#3036,.T.);
#3041=EDGE_LOOP('',(#3037,#3038,#3039,#3040));
#3042=FACE_OUTER_BOUND('',#3041,.T.);
#3043=ADVANCED_FACE('',(#3042),#5,.T.);
#3044=CARTESIAN_POINT('',(0.8,0.2,0.0));
#3045=CARTESIAN_POINT('',(0.9,0.2,0.0));
#3046=CARTESIAN_POINT('',(0.9,0.3,0.0));
#3047=CARTESIAN_POINT('',(0.8,0.3,0.0));
#3048=VERTEX_POINT('',#3044);
#3049=VERTEX_POINT('',#3045);
#3050=VERTEX_POINT('',#3046);
#3051=VERTEX_POINT('',#3047);
#3052=DIRECTION('',(1.0,0.0,0.0));
#3053=VECTOR('',#3052,0.1);
#3054=LINE('',#3044,#3053);
#3055=EDGE_CURVE('',#3048,#3049,#3054,.T.);
#3056=DIRECTION('',(0.0,1.0,0.0));
#3057=VECTOR('',#3056,0.1);
#3058=LINE('',#3045,#3057);
#3059=EDGE_CURVE('',#3049,#3050,#3058,.T.);
#3060=DIRECTION('',(-1.0,0.0,0.0));
#3061=VECTOR('',#3060,0.1);
#3062=LINE('',#3046,#3061);
#3063=EDGE_CURVE('',#3050,#3051,#3062,.T.);
#3064=DIRECTION('',(0.0,-1.0,0.0));
#3065=VECTOR('',#3064,0.1);
#3066=LINE('',#3047,#3065);
#3067=EDGE_CURVE('',#3051,#3048,#3066,.T.);
#3068=ORIENTED_EDGE('',$,$,#3055,.T.);
#3069=ORIENTED_EDGE('',$,$,#3059,.T.);
#3070=ORIENTED_EDGE('',$,$,#3063,.T.);
#3071=ORIENTED_EDGE('',$,$,#3067,.T.);
#3072=EDGE_LOOP('',(#3068,#3069,#3070,#3071));
#3073=FACE_OUTER_BOUND('',#3072,.T.);
#3074=ADVANCED_FACE('',(#3073),#5,.T.);
#3075=CARTESIAN_POINT('',(0.8,0.3,0.0));
#3076=CARTESIAN_POINT('',(0.9,0.3,0.0));
#3077=CARTESIAN_POINT('',(0.9,0.4,0.0));
#3078=CARTESIAN_POINT('',(0.8,0.4,0.0));
#3079=VERTEX_POINT('',#3075);
#3080=VERTEX_POINT('',#3076);
#3081=VERTEX_POINT('',#3077);
#3082=VERTEX_POINT('',#3078);
#3083=DIRECTION('',(1.0,0.0,0.0));
#3084=VECTOR('',#3083,0.1);
#3085=LINE('',#3075,#3084);
#3086=EDGE_CURVE('',#3079,#3080,#3085,.T.);
#3087=DIRECTION('',(0.0,1.0,0.0));
#3088=VECTOR('',#3087,0.1);
#3089=LINE('',#3076,#3088);
#3090=EDGE_CURVE('',#3080,#3081,#3089,.T.);
#3091=DIRECTION('',(-1.0,0.0,0.0));
#3092=VECTOR('',#3091,0.1);
#3093=LINE('',#3077,#3092);
#3094=EDGE_CURVE('',#3081,#3082,#3093,.T.);
#3095=DIRECTION('',(0.0,-1.0,0.0));
#3096=VECTOR('',#3095,0.1);
#3097=LINE('',#3078,#3096);
#3098=EDGE_CURVE('',#3082,#3079,#3097,.T.);
#3099=ORIENTED_EDGE('',$,$,#3086,.T.);
#3100=ORIENTED_EDGE('',$,$,#3090,.T.);
#3101=ORIENTED_EDGE('',$,$,#3094,.T.);
#3102=ORIENTED_EDGE('',$,$,#3098,.T.);
#3103=EDGE_LOOP('',(#3099,#3100,#3101,#3102));
#3104=FACE_OUTER_BOUND('',#3103,.T.);
#3105=ADVANCED_FACE('',(#3104),#5,.T.);
#3106=CARTESIAN_POINT('',(0.8,0.4,0.0));
#3107=CARTESIAN_POINT('',(0.9,0.4,0.0));
#3108=CARTESIAN_POINT('',(0.9,0.5,0.0));
#3109=CARTESIAN_POINT('',(0.8,0.5,0.0));
#3110=VERTEX_POINT('',#3106);
#3111=VERTEX_POINT('',#3107);
#3112=VERTEX_POINT('',#3108);
#3113=VERTEX_POINT('',#3109);
#3114=DIRECTION('',(1.0,0.0,0.0));
#3115=VECTOR('',#3114,0.1);
#3116=LINE('',#3106,#3115);
#3117=EDGE_CURVE('',#3110,#3111,#3116,.T.);
#3118=DIRECTION('',(0.0,1.0,0.0));
#3119=VECTOR('',#3118,0.1);
#3120=LINE('',#3107,#3119);
#3121=EDGE_CURVE('',#3111,#3112,#3120,.T.);
#3122=DIRECTION('',(-1.0,0.0,0.0));
#3123=VECTOR('',#3122,0.1);
#3124=LINE('',#3108,#3123);
#3125=EDGE_CURVE('',#3112,#3113,#3124,.T.);
#3126=DIRECTION('',(0.0,-1.0,0.0));
#3127=VECTOR('',#3126,0.1);
#3128=LINE('',#3109,#3127);
#3129=EDGE_CURVE('',#3113,#3110,#3128,.T.);
#3130=ORIENTED_EDGE('',$,$,#3117,.T.);
#3131=ORIENTED_EDGE('',$,$,#3121,.T.);
#3132=ORIENTED_EDGE('',$,$,#3125,.T.);
#3133=ORIENTED_EDGE('',$,$,#3129,.T.);
#3134=EDGE_LOOP('',(#3130,#3131,#3132,#3133));
#3135=FACE_OUTER_BOUND('',#3134,.T.);
#3136=ADVANCED_FACE('',(#3135),#5,.T.);
#3137=CARTESIAN_POINT('',(0.8,0.5,0.0));
#3138=CARTESIAN_POINT('',(0.9,0.5,0.0));
#3139=CARTESIAN_POINT('',(0.9,0.6,0.0));
#3140=CARTESIAN_POINT('',(0.8,0.6,0.0));
#3141=VERTEX_POINT('',#3137);
#3142=VERTEX_POINT('',#3138);
#3143=VERTEX_POINT('',#3139);
#3144=VERTEX_POINT('',#3140);
#3145=DIRECTION('',(1.0,0.0,0.0));
#3146=VECTOR('',#3145,0.1);
#3147=LINE('',#3137,#3146);
#3148=EDGE_CURVE('',#3141,#3142,#3147,.T.);
#3149=DIRECTION('',(0.0,1.0,0.0));
#3150=VECTOR('',#3149,0.1);
#3151=LINE('',#3138,#3150);
#3152=EDGE_CURVE('',#3142,#3143,#3151,.T.);
#3153=DIRECTION('',(-1.0,0.0,0.0));
#3154=VECTOR('',#3153,0.1);
#3155=LINE('',#3139,#3154);
#3156=EDGE_CURVE('',#3143,#3144,#3155,.T.);
#3157=DIRECTION('',(0.0,-1.0,0.0));
#3158=VECTOR('',#3157,0.1);
#3159=LINE('',#3140,#3158);
#3160=EDGE_CURVE('',#3144,#3141,#3159,.T.);
#3161=ORIENTED_EDGE('',$,$,#3148,.T.);
#3162=ORIENTED_EDGE('',$,$,#3152,.T.);
#3163=ORIENTED_EDGE('',$,$,#3156,.T.);
#3164=ORIENTED_EDGE('',$,$,#3160,.T.);
#3165=EDGE_LOOP('',(#3161,#3162,#3163,#3164));
#3166=FACE_OUTER_BOUND('',#3165,.T.);
#3167=ADVANCED_FACE('',(#3166),#5,.T.);
#3168=CARTESIAN_POINT('',(0.8,0.6,0.0));
#3169=CARTESIAN_POINT('',(0.9,0.6,0.0));
#3170=CARTESIAN_POINT('',(0.9,0.7,0.0));
#3171=CARTESIAN_POINT('',(0.8,0.7,0.0));
#3172=VERTEX_POINT('',#3168);
#3173=VERTEX_POINT('',#3169);
#3174=VERTEX_POINT('',#3170);
#3175=VERTEX_POINT('',#3171);
#3176=DIRECTION('',(1.0,0.0,0.0));
#3177=VECTOR('',#3176,0.1);
#3178=LINE('',#3168,#3177);
#3179=EDGE_CURVE('',#3172,#3173,#3178,.T.);
#3180=DIRECTION('',(0.0,1.0,0.0));
#3181=VECTOR('',#3180,0.1);
#3182=LINE('',#3169,#3181);
#3183=EDGE_CURVE('',#3173,#3174,#3182,.T.);
#3184=DIRECTION('',(-1.0,0.0,0.0));
#3185=VECTOR('',#3184,0.1);
#3186=LINE('',#3170,#3185);
#3187=EDGE_CURVE('',#3174,#3175,#3186,.T.);
#3188=DIRECTION('',(0.0,-1.0,0.0));
#3189=VECTOR('',#3188,0.1);
#3190=LINE('',#3171,#3189);
#3191=EDGE_CURVE('',#3175,#3172,#3190,.T.);
#3192=ORIENTED_EDGE('',$,$,#3179,.T.);
#3193=ORIENTED_EDGE('',$,$,#3183,.T.);
#3194=ORIENTED_EDGE('',$,$,#3187,.T.);
#3195=ORIENTED_EDGE('',$,$,#3191,.T.);
#3196=EDGE_LOOP('',(#3192,#3193,#3194,#3195));
#3197=FACE_OUTER_BOUND('',#3196,.T.);
#3198=ADVANCED_FACE('',(#3197),#5,.T.);
#3199=CARTESIAN_POINT('',(0.8,0.7,0.0));
#3200=CARTESIAN_POINT('',(0.9,0.7,0.0));
#3201=CARTESIAN_POINT('',(0.9,0.8,0.0));
#3202=CARTESIAN_POINT('',(0.8,0.8,0.0));
#3203=VERTEX_POINT('',#3199);
#3204=VERTEX_POINT('',#3200);
#3205=VERTEX_POINT('',#3201);
#3206=VERTEX_POINT('',#3202);
#3207=DIRECTION('',(1.0,0.0,0.0));
#3208=VECTOR('',#3207,0.1);
#3209=LINE('',#3199,#3208);
#3210=EDGE_CURVE('',#3203,#3204,#3209,.T.);
#3211=DIRECTION('',(0.0,1.0,0.0));
#3212=VECTOR('',#3211,0.1);
#3213=LINE('',#3200,#3212);
#3214=EDGE_CURVE('',#3204,#3205,#3213,.T.);
#3215=DIRECTION('',(-1.0,0.0,0.0));
#3216=VECTOR('',#3215,0.1);
#3217=LINE('',#3201,#3216);
#3218=EDGE_CURVE('',#3205,#3206,#3217,.T.);
#3219=DIRECTION('',(0.0,-1.0,0.0));
#3220=VECTOR('',#3219,0.1);
#3221=LINE('',#3202,#3220);
#3222=EDGE_CURVE('',#3206,#3203,#3221,.T.);
#3223=ORIENTED_EDGE('',$,$,#3210,.T.);
#3224=ORIENTED_EDGE('',$,$,#3214,.T.);
#3225=ORIENTED_EDGE('',$,$,#3218,.T.);
#3226=ORIENTED_EDGE('',$,$,#3222,.T.);
#3227=EDGE_LOOP('',(#3223,#3224,#3225,#3226));
#3228=FACE_OUTER_BOUND('',#3227,.T.);
#3229=ADVANCED_FACE('',(#3228),#5,.T.);
#3230=CARTESIAN_POINT('',(0.8,0.8,0.0));
#3231=CARTESIAN_POINT('',(0.9,0.8,0.0));
#3232=CARTESIAN_POINT('',(0.9,0.9,0.0));
#3233=CARTESIAN_POINT('',(0.8,0.9,0.0));
#3234=VERTEX_POINT('',#3230);
#3235=VERTEX_POINT('',#3231);
#3236=VERTEX_POINT('',#3232);
#3237=VERTEX_POINT('',#3233);
#3238=DIRECTION('',(1.0,0.0,0.0));
#3239=VECTOR('',#3238,0.1);
#3240=LINE('',#3230,#3239);
#3241=EDGE_CURVE('',#3234,#3235,#3240,.T.);
#3242=DIRECTION('',(0.0,1.0,0.0));
#3243=VECTOR('',#3242,0.1);
#3244=LINE('',#3231,#3243);
#3245=EDGE_CURVE('',#3235,#3236,#3244,.T.);
#3246=DIRECTION('',(-1.0,0.0,0.0));
#3247=VECTOR('',#3246,0.1);
#3248=LINE('',#3232,#3247);
#3249=EDGE_CURVE('',#3236,#3237,#3248,.T.);
#3250=DIRECTION('',(0.0,-1.0,0.0));
#3251=VECTOR('',#3250,0.1);
#3252=LINE('',#3233,#3251);
#3253=EDGE_CURVE('',#3237,#3234,#3252,.T.);
#3254=ORIENTED_EDGE('',$,$,#3241,.T.);
#3255=ORIENTED_EDGE('',$,$,#3245,.T.);
#3256=ORIENTED_EDGE('',$,$,#3249,.T.);
#3257=ORIENTED_EDGE('',$,$,#3253,.T.);
#3258=EDGE_LOOP('',(#3254,#3255,#3256,#3257));
#3259=FACE_OUTER_BOUND('',#3258,.T.);
#3260=ADVANCED_FACE('',(#3259),#5,.T.);
#3261=CARTESIAN_POINT('',(0.8,0.9,0.0));
#3262=CARTESIAN_POINT('',(0.9,0.9,0.0));
#3263=CARTESIAN_POINT('',(0.9,1.0,0.0));
#3264=CARTESIAN_POINT('',(0.8,1.0,0.0));
#3265=VERTEX_POINT('',#3261);
#3266=VERTEX_POINT('',#3262);
#3267=VERTEX_POINT('',#3263);
#3268=VERTEX_POINT('',#3264);
#3269=DIRECTION('',(1.0,0.0,0.0));
#3270=VECTOR('',#3269,0.1);
#3271=LINE('',#3261,#3270);
#3272=EDGE_CURVE('',#3265,#3266,#3271,.T.);
#3273=DIRECTION('',(0.0,1.0,0.0));
#3274=VECTOR('',#3273,0.1);
#3275=LINE('',#3262,#3274);
#3276=EDGE_CURVE('',#3266,#3267,#3275,.T.);
#3277=DIRECTION('',(-1.0,0.0,0.0));
#3278=VECTOR('',#3277,0.1);
#3279=LINE('',#3263,#3278);
#3280=EDGE_CURVE('',#3267,#3268,#3279,.T.);
#3281=DIRECTION('',(0.0,-1.0,0.0));
#3282=VECTOR('',#3281,0.1);
#3283=LINE('',#3264,#3282);
#3284=EDGE_CURVE('',#3268,#3265,#3283,.T.);
#3285=ORIENTED_EDGE('',$,$,#3272,.T.);
#3286=ORIENTED_EDGE('',$,$,#3276,.T.);
#3287=ORIENTED_EDGE('',$,$,#3280,.T.);
#3288=ORIENTED_EDGE('',$,$,#3284,.T.);
#3289=EDGE_LOOP('',(#3285,#3286,#3287,#3288));
#3290=FACE_OUTER_BOUND('',#3289,.T.);
#3291=ADVANCED_FACE('',(#3290),#5,.T.);
#3292=CARTESIAN_POINT('',(0.8,1.0,0.0));
#3293=CARTESIAN_POINT('',(0.9,1.0,0.0));
#3294=CARTESIAN_POINT('',(0.9,1.1,0.0));
#3295=CARTESIAN_POINT('',(0.8,1.1,0.0));
#3296=VERTEX_POINT('',#3292);
#3297=VERTEX_POINT('',#3293);
#3298=VERTEX_POINT('',#3294);
#3299=VERTEX_POINT('',#3295);
#3300=DIRECTION('',(1.0,0.0,0.0));
#3301=VECTOR('',#3300,0.1);
#3302=LINE('',#3292,#3301);
#3303=EDGE_CURVE('',#3296,#3297,#3302,.T.);
#3304=DIRECTION('',(0.0,1.0,0.0));
#3305=VECTOR('',#3304,0.1);
#3306=LINE('',#3293,#3305);
#3307=EDGE_CURVE('',#3297,#3298,#3306,.T.);
#3308=DIRECTION('',(-1.0,0.0,0.0));
#3309=VECTOR('',#3308,0.1);
#3310=LINE('',#3294,#3309);
#3311=EDGE_CURVE('',#3298,#3299,#3310,.T.);
#3312=DIRECTION('',(0.0,-1.0,0.0));
#3313=VECTOR('',#3312,0.1);
#3314=LINE('',#3295,#3313);
#3315=EDGE_CURVE('',#3299,#3296,#3314,.T.);
#3316=ORIENTED_EDGE('',$,$,#3303,.T.);
#3317=ORIENTED_EDGE('',$,$,#3307,.T.);
#3318=ORIENTED_EDGE('',$,$,#3311,.T.);
#3319=ORIENTED_EDGE('',$,$,#3315,.T.);
#3320=EDGE_LOOP('',(#3316,#3317,#3318,#3319));
#3321=FACE_OUTER_BOUND('',#3320,.T.);
#3322=ADVANCED_FACE('',(#3321),#5,.T.);
#3323=CARTESIAN_POINT('',(0.8,1.1,0.0));
#3324=CARTESIAN_POINT('',(0.9,1.1,0.0));
#3325=CARTESIAN_POINT('',(0.9,1.2,0.0));
#3326=CARTESIAN_POINT('',(0.8,1.2,0.0));
#3327=VERTEX_POINT('',#3323);
#3328=VERTEX_POINT('',#3324);
#3329=VERTEX_POINT('',#3325);
#3330=VERTEX_POINT('',#3326);
#3331=DIRECTION('',(1.0,0.0,0.0));
#3332=VECTOR('',#3331,0.1);
#3333=LINE('',#3323,#3332);
#3334=EDGE_CURVE('',#3327,#3328,#3333,.T.);
#3335=DIRECTION('',(0.0,1.0,0.0));
#3336=VECTOR('',#3335,0.1);
#3337=LINE('',#3324,#3336);
#3338=EDGE_CURVE('',#3328,#3329,#3337,.T.);
#3339=DIRECTION('',(-1.0,0.0,0.0));
#3340=VECTOR('',#3339,0.1);
#3341=LINE('',#3325,#3340);
#3342=EDGE_CURVE('',#3329,#3330,#3341,.T.);
#3343=DIRECTION('',(0.0,-1.0,0.0));
#3344=VECTOR('',#3343,0.1);
#3345=LINE('',#3326,#3344);
#3346=EDGE_CURVE('',#3330,#3327,#3345,.T.);
#3347=ORIENTED_EDGE('',$,$,#3334,.T.);
#3348=ORIENTED_EDGE('',$,$,#3338,.T.);
#3349=ORIENTED_EDGE('',$,$,#3342,.T.);
#3350=ORIENTED_EDGE('',$,$,#3346,.T.);
#3351=EDGE_LOOP('',(#3347,#3348,#3349,#3350));
#3352=FACE_OUTER_BOUND('',#3351,.T.);
#3353=ADVANCED_FACE('',(#3352),#5,.T.);
#3354=CARTESIAN_POINT('',(0.9,0.0,0.0));
#3355=CARTESIAN_POINT('',(1.0,0.0,0.0));
#3356=CARTESIAN_POINT('',(1.0,0.1,0.0));
#3357=CARTESIAN_POINT('',(0.9,0.1,0.0));
#3358=VERTEX_POINT('',#3354);
#3359=VERTEX_POINT('',#3355);
#3360=VERTEX_POINT('',#3356);
#3361=VERTEX_POINT('',#3357);
#3362=DIRECTION('',(1.0,0.0,0.0));
#3363=VECTOR('',#3362,0.1);
#3364=LINE('',#3354,#3363);
#3365=EDGE_CURVE('',#3358,#3359,#3364,.T.);
#3366=DIRECTION('',(0.0,1.0,0.0));
#3367=VECTOR('',#3366,0.1);
#3368=LINE('',#3355,#3367);
#3369=EDGE_CURVE('',#3359,#3360,#3368,.T.);
#3370=DIRECTION('',(-1.0,0.0,0.0));
#3371=VECTOR('',#3370,0.1);
#3372=LINE('',#3356,#3371);
#3373=EDGE_CURVE('',#3360,#3361,#3372,.T.);
#3374=DIRECTION('',(0.0,-1.0,0.0));
#3375=VECTOR('',#3374,0.1);
#3376=LINE('',#3357,#3375);
#3377=EDGE_CURVE('',#3361,#3358,#3376,.T.);
#3378=ORIENTED_EDGE('',$,$,#3365,.T.);
#3379=ORIENTED_EDGE('',$,$,#3369,.T.);
#3380=ORIENTED_EDGE('',$,$,#3373,.T.);
#3381=ORIENTED_EDGE('',$,$,#3377,.T.);
#3382=EDGE_LOOP('',(#3378,#3379,#3380,#3381));
#3383=FACE_OUTER_BOUND('',#3382,.T.);
#3384=ADVANCED_FACE('',(#3383),#5,.T.);
#3385=CARTESIAN_POINT('',(0.9,0.1,0.0));
#3386=CARTESIAN_POINT('',(1.0,0.1,0.0));
#3387=CARTESIAN_POINT('',(1.0,0.2,0.0));
#3388=CARTESIAN_POINT('',(0.9,0.2,0.0));
#3389=VERTEX_POINT('',#3385);
#3390=VERTEX_POINT('',#3386);
#3391=VERTEX_POINT('',#3387);
#3392=VERTEX_POINT('',#3388);
#3393=DIRECTION('',(1.0,0.0,0.0));
#3394=VECTOR('',#3393,0.1);
#3395=LINE('',#3385,#3394);
#3396=EDGE_CURVE('',#3389,#3390,#3395,.T.);
#3397=DIRECTION('',(0.0,1.0,0.0));
#3398=VECTOR('',#3397,0.1);
#3399=LINE('',#3386,#3398);
#3400=EDGE_CURVE('',#3390,#3391,#3399,.T.);
#3401=DIRECTION('',(-1.0,0.0,0.0));
#3402=VECTOR('',#3401,0.1);
#3403=LINE('',#3387,#3402);
#3404=EDGE_CURVE('',#3391,#3392,#3403,.T.);
#3405=DIRECTION('',(0.0,-1.0,0.0));
#3406=VECTOR('',#3405,0.1);
#3407=LINE('',#3388,#3406);
#3408=EDGE_CURVE('',#3392,#3389,#3407,.T.);
#3409=ORIENTED_EDGE('',$,$,#3396,.T.);
#3410=ORIENTED_EDGE('',$,$,#3400,.T.);
#3411=ORIENTED_EDGE('',$,$,#3404,.T.);
#3412=ORIENTED_EDGE('',$,$,#3408,.T.);
#3413=EDGE_LOOP('',(#3409,#3410,#3411,#3412));
#3414=FACE_OUTER_BOUND('',#3413,.T.);
#3415=ADVANCED_FACE('',(#3414),#5,.T.);
#3416=CARTESIAN_POINT('',(0.9,0.2,0.0));
#3417=CARTESIAN_POINT('',(1.0,0.2,0.0));
#3418=CARTESIAN_POINT('',(1.0,0.3,0.0));
#3419=CARTESIAN_POINT('',(0.9,0.3,0.0));
#3420=VERTEX_POINT('',#3416);
#3421=VERTEX_POINT('',#3417);
#3422=VERTEX_POINT('',#3418);
#3423=VERTEX_POINT('',#3419);
#3424=DIRECTION('',(1.0,0.0,0.0));
#3425=VECTOR('',#3424,0.1);
#3426=LINE('',#3416,#3425);
#3427=EDGE_CURVE('',#3420,#3421,#3426,.T.);
#3428=DIRECTION('',(0.0,1.0,0.0));
#3429=VECTOR('',#3428,0.1);
#3430=LINE('',#3417,#3429);
#3431=EDGE_CURVE('',#3421,#3422,#3430,.T.);
#3432=DIRECTION('',(-1.0,0.0,0.0));
#3433=VECTOR('',#3432,0.1);
#3434=LINE('',#3418,#3433);
#3435=EDGE_CURVE('',#3422,#3423,#3434,.T.);
#3436=DIRECTION('',(0.0,-1.0,0.0));
#3437=VECTOR('',#3436,0.1);
#3438=LINE('',#3419,#3437);
#3439=EDGE_CURVE('',#3423,#3420,#3438,.T.);
#3440=ORIENTED_EDGE('',$,$,#3427,.T.);
#3441=ORIENTED_EDGE('',$,$,#3431,.T.);
#3442=ORIENTED_EDGE('',$,$,#3435,.T.);
#3443=ORIENTED_EDGE('',$,$,#3439,.T.);
#3444=EDGE_LOOP('',(#3440,#3441,#3442,#3443));
#3445=FACE_OUTER_BOUND('',#3444,.T.);
#3446=ADVANCED_FACE('',(#3445),#5,.T.);
#3447=CARTESIAN_POINT('',(0.9,0.3,0.0));
#3448=CARTESIAN_POINT('',(1.0,0.3,0.0));
#3449=CARTESIAN_POINT('',(1.0,0.4,0.0));
#3450=CARTESIAN_POINT('',(0.9,0.4,0.0));
#3451=VERTEX_POINT('',#3447);
#3452=VERTEX_POINT('',#3448);
#3453=VERTEX_POINT('',#3449);
#3454=VERTEX_POINT('',#3450);
#3455=DIRECTION('',(1.0,0.0,0.0));
#3456=VECTOR('',#3455,0.1);
#3457=LINE('',#3447,#3456);
#3458=EDGE_CURVE('',#3451,#3452,#3457,.T.);
#3459=DIRECTION('',(0.0,1.0,0.0));
#3460=VECTOR('',#3459,0.1);
#3461=LINE('',#3448,#3460);
#3462=EDGE_CURVE('',#3452,#3453,#3461,.T.);
#3463=DIRECTION('',(-1.0,0.0,0.0));
#3464=VECTOR('',#3463,0.1);
#3465=LINE('',#3449,#3464);
#3466=EDGE_CURVE('',#3453,#3454,#3465,.T.);
#3467=DIRECTION('',(0.0,-1.0,0.0));
#3468=VECTOR('',#3467,0.1);
#3469=LINE('',#3450,#3468);
#3470=EDGE_CURVE('',#3454,#3451,#3469,.T.);
#3471=ORIENTED_EDGE('',$,$,#3458,.T.);
#3472=ORIENTED_EDGE('',$,$,#3462,.T.);
#3473=ORIENTED_EDGE('',$,$,#3466,.T.);
#3474=ORIENTED_EDGE('',$,$,#3470,.T.);
#3475=EDGE_LOOP('',(#3471,#3472,#3473,#3474));
#3476=FACE_OUTER_BOUND('',#3475,.T.);
#3477=ADVANCED_FACE('',(#3476),#5,.T.);
#3478=CARTESIAN_POINT('',(0.9,0.4,0.0));
#3479=CARTESIAN_POINT('',(1.0,0.4,0.0));
#3480=CARTESIAN_POINT('',(1.0,0.5,0.0));
#3481=CARTESIAN_POINT('',(0.9,0.5,0.0));
#3482=VERTEX_POINT('',#3478);
#3483=VERTEX_POINT('',#3479);
#3484=VERTEX_POINT('',#3480);
#3485=VERTEX_POINT('',#3481);
#3486=DIRECTION('',(1.0,0.0,0.0));
#3487=VECTOR('',#3486,0.1);
#3488=LINE('',#3478,#3487);
#3489=EDGE_CURVE('',#3482,#3483,#3488,.T.);
#3490=DIRECTION('',(0.0,1.0,0.0));
#3491=VECTOR('',#3490,0.1);
#3492=LINE('',#3479,#3491);
#3493=EDGE_CURVE('',#3483,#3484,#3492,.T.);
#3494=DIRECTION('',(-1.0,0.0,0.0));
#3495=VECTOR('',#3494,0.1);
#3496=LINE('',#3480,#3495);
#3497=EDGE_CURVE('',#3484,#3485,#3496,.T.);
#3498=DIRECTION('',(0.0,-1.0,0.0));
#3499=VECTOR('',#3498,0.1);
#3500=LINE('',#3481,#3499);
#3501=EDGE_CURVE('',#3485,#3482,#3500,.T.);
#3502=ORIENTED_EDGE('',$,$,#3489,.T.);
#3503=ORIENTED_EDGE('',$,$,#3493,.T.);
#3504=ORIENTED_EDGE('',$,$,#3497,.T.);
#3505=ORIENTED_EDGE('',$,$,#3501,.T.);
#3506=EDGE_LOOP('',(#3502,#3503,#3504,#3505));
#3507=FACE_OUTER_BOUND('',#3506,.T.);
#3508=ADVANCED_FACE('',(#3507),#5,.T.);
#3509=CARTESIAN_POINT('',(0.9,0.5,0.0));
#3510=CARTESIAN_POINT('',(1.0,0.5,0.0));
#3511=CARTESIAN_POINT('',(1.0,0.6,0.0));
#3512=CARTESIAN_POINT('',(0.9,0.6,0.0));
#3513=VERTEX_POINT('',#3509);
#3514=VERTEX_POINT('',#3510);
#3515=VERTEX_POINT('',#3511);
#3516=VERTEX_POINT('',#3512);
#3517=DIRECTION('',(1.0,0.0,0.0));
#3518=VECTOR('',#3517,0.1);
#3519=LINE('',#3509,#3518);
#3520=EDGE_CURVE('',#3513,#3514,#3519,.T.);
#3521=DIRECTION('',(0.0,1.0,0.0));
#3522=VECTOR('',#3521,0.1);
#3523=LINE('',#3510,#3522);
#3524=EDGE_CURVE('',#3514,#3515,#3523,.T.);
#3525=DIRECTION('',(-1.0,0.0,0.0));
#3526=VECTOR('',#3525,0.1);
#3527=LINE('',#3511,#3526);
#3528=EDGE_CURVE('',#3515,#3516,#3527,.T.);
#3529=DIRECTION('',(0.0,-1.0,0.0));
#3530=VECTOR('',#3529,0.1);
#3531=LINE('',#3512,#3530);
#3532=EDGE_CURVE('',#3516,#3513,#3531,.T.);
#3533=ORIENTED_EDGE('',$,$,#3520,.T.);
#3534=ORIENTED_EDGE('',$,$,#3524,.T.);
#3535=ORIENTED_EDGE('',$,$,#3528,.T.);
#3536=ORIENTED_EDGE('',$,$,#3532,.T.);
#3537=EDGE_LOOP('',(#3533,#3534,#3535,#3536));
#3538=FACE_OUTER_BOUND('',#3537,.T.);
#3539=ADVANCED_FACE('',(#3538),#5,.T.);
#3540=CARTESIAN_POINT('',(0.9,0.6,0.0));
#3541=CARTESIAN_POINT('',(1.0,0.6,0.0));
#3542=CARTESIAN_POINT('',(1.0,0.7,0.0));
#3543=CARTESIAN_POINT('',(0.9,0.7,0.0));
#3544=VERTEX_POINT('',#3540);
#3545=VERTEX_POINT('',#3541);
#3546=VERTEX_POINT('',#3542);
#3547=VERTEX_POINT('',#3543);
#3548=DIRECTION('',(1.0,0.0,0.0));
#3549=VECTOR('',#3548,0.1);
#3550=LINE('',#3540,#3549);
#3551=EDGE_CURVE('',#3544,#3545,#3550,.T.);
#3552=DIRECTION('',(0.0,1.0,0.0));
#3553=VECTOR('',#3552,0.1);
#3554=LINE('',#3541,#3553);
#3555=EDGE_CURVE('',#3545,#3546,#3554,.T.);
#3556=DIRECTION('',(-1.0,0.0,0.0));
#3557=VECTOR('',#3556,0.1);
#3558=LINE('',#3542,#3557);
#3559=EDGE_CURVE('',#3546,#3547,#3558,.T.);
#3560=DIRECTION('',(0.0,-1.0,0.0));
#3561=VECTOR('',#3560,0.1);
#3562=LINE('',#3543,#3561);
#3563=EDGE_CURVE('',#3547,#3544,#3562,.T.);
#3564=ORIENTED_EDGE('',$,$,#3551,.T.);
#3565=ORIENTED_EDGE('',$,$,#3555,.T.);
#3566=ORIENTED_EDGE('',$,$,#3559,.T.);
#3567=ORIENTED_EDGE('',$,$,#3563,.T.);
#3568=EDGE_LOOP('',(#3564,#3565,#3566,#3567));
#3569=FACE_OUTER_BOUND('',#3568,.T.);
#3570=ADVANCED_FACE('',(#3569),#5,.T.);
#3571=CARTESIAN_POINT('',(0.9,0.7,0.0));
#3572=CARTESIAN_POINT('',(1.0,0.7,0.0));
#3573=CARTESIAN_POINT('',(1.0,0.8,0.0));
#3574=CARTESIAN_POINT('',(0.9,0.8,0.0));
#3575=VERTEX_POINT('',#3571);
#3576=VERTEX_POINT('',#3572);
#3577=VERTEX_POINT('',#3573);
#3578=VERTEX_POINT('',#3574);
#3579=DIRECTION('',(1.0,0.0,0.0));
#3580=VECTOR('',#3579,0.1);
#3581=LINE('',#3571,#3580);
#3582=EDGE_CURVE('',#3575,#3576,#3581,.T.);
#3583=DIRECTION('',(0.0,1.0,0.0));
#3584=VECTOR('',#3583,0.1);
#3585=LINE('',#3572,#3584);
#3586=EDGE_CURVE('',#3576,#3577,#3585,.T.);
#3587=DIRECTION('',(-1.0,0.0,0.0));
#3588=VECTOR('',#3587,0.1);
#3589=LINE('',#3573,#3588);
#3590=EDGE_CURVE('',#3577,#3578,#3589,.T.);
#3591=DIRECTION('',(0.0,-1.0,0.0));
#3592=VECTOR('',#3591,0.1);
#3593=LINE('',#3574,#3592);
#3594=EDGE_CURVE('',#3578,#3575,#3593,.T.);
#3595=ORIENTED_EDGE('',$,$,#3582,.T.);
#3596=ORIENTED_EDGE('',$,$,#3586,.T.);
#3597=ORIENTED_EDGE('',$,$,#3590,.T.);
#3598=ORIENTED_EDGE('',$,$,#3594,.T.);
#3599=EDGE_LOOP('',(#3595,#3596,#3597,#3598));
#3600=FACE_OUTER_BOUND('',#3599,.T.);
#3601=ADVANCED_FACE('',(#3600),#5,.T.);
#3602=CARTESIAN_POINT('',(0.9,0.8,0.0));
#3603=CARTESIAN_POINT('',(1.0,0.8,0.0));
#3604=CARTESIAN_POINT('',(1.0,0.9,0.0));
#3605=CARTESIAN_POINT('',(0.9,0.9,0.0));
#3606=VERTEX_POINT('',#3602);
#3607=VERTEX_POINT('',#3603);
#3608=VERTEX_POINT('',#3604);
#3609=VERTEX_POINT('',#3605);
#3610=DIRECTION('',(1.0,0.0,0.0));
#3611=VECTOR('',#3610,0.1);
#3612=LINE('',#3602,#3611);
#3613=EDGE_CURVE('',#3606,#3607,#3612,.T.);
#3614=DIRECTION('',(0.0,1.0,0.0));
#3615=VECTOR('',#3614,0.1);
#3616=LINE('',#3603,#3615);
#3617=EDGE_CURVE('',#3607,#3608,#3616,.T.);
#3618=DIRECTION('',(-1.0,0.0,0.0));
#3619=VECTOR('',#3618,0.1);
#3620=LINE('',#3604,#3619);
#3621=EDGE_CURVE('',#3608,#3609,#3620,.T.);
#3622=DIRECTION('',(0.0,-1.0,0.0));
#3623=VECTOR('',#3622,0.1);
#3624=LINE('',#3605,#3623);
#3625=EDGE_CURVE('',#3609,#3606,#3624,.T.);
#3626=ORIENTED_EDGE('',$,$,#3613,.T.);
#3627=ORIENTED_EDGE('',$,$,#3617,.T.);
#3628=ORIENTED_EDGE('',$,$,#3621,.T.);
#3629=ORIENTED_EDGE('',$,$,#3625,.T.);
#3630=EDGE_LOOP('',(#3626,#3627,#3628,#3629));
#3631=FACE_OUTER_BOUND('',#3630,.T.);
#3632=ADVANCED_FACE('',(#3631),#5,.T.);
#3633=CARTESIAN_POINT('',(0.9,0.9,0.0));
#3634=CARTESIAN_POINT('',(1.0,0.9,0.0));
#3635=CARTESIAN_POINT('',(1.0,1.0,0.0));
#3636=CARTESIAN_POINT('',(0.9,1.0,0.0));
#3637=VERTEX_POINT('',#3633);
#3638=VERTEX_POINT('',#3634);
#3639=VERTEX_POINT('',#3635);
#3640=VERTEX_POINT('',#3636);
#3641=DIRECTION('',(1.0,0.0,0.0));
#3642=VECTOR('',#3641,0.1);
#3643=LINE('',#3633,#3642);
#3644=EDGE_CURVE('',#3637,#3638,#3643,.T.);
#3645=DIRECTION('',(0.0,1.0,0.0));
#3646=VECTOR('',#3645,0.1);
#3647=LINE('',#3634,#3646);
#3648=EDGE_CURVE('',#3638,#3639,#3647,.T.);
#3649=DIRECTION('',(-1.0,0.0,0.0));
#3650=VECTOR('',#3649,0.1);
#3651=LINE('',#3635,#3650);
#3652=EDGE_CURVE('',#3639,#3640,#3651,.T.);
#3653=DIRECTION('',(0.0,-1.0,0.0));
#3654=VECTOR('',#3653,0.1);
#3655=LINE('',#3636,#3654);
#3656=EDGE_CURVE('',#3640,#3637,#3655,.T.);
#3657=ORIENTED_EDGE('',$,$,#3644,.T.);
#3658=ORIENTED_EDGE('',$,$,#3648,.T.);
#3659=ORIENTED_EDGE('',$,$,#3652,.T.);
#3660=ORIENTED_EDGE('',$,$,#3656,.T.);
#3661=EDGE_LOOP('',(#3657,#3658,#3659,#3660));
#3662=FACE_OUTER_BOUND('',#3661,.T.);
#3663=ADVANCED_FACE('',(#3662),#5,.T.);
#3664=CARTESIAN_POINT('',(0.9,1.0,0.0));
#3665=CARTESIAN_POINT('',(1.0,1.0,0.0));
#3666=CARTESIAN_POINT('',(1.0,1.1,0.0));
#3667=CARTESIAN_POINT('',(0.9,1.1,0.0));
#3668=VERTEX_POINT('',#3664);
#3669=VERTEX_POINT('',#3665);
#3670=VERTEX_POINT('',#3666);
#3671=VERTEX_POINT('',#3667);
#3672=DIRECTION('',(1.0,0.0,0.0));
#3673=VECTOR('',#3672,0.1);
#3674=LINE('',#3664,#3673);
#3675=EDGE_CURVE('',#3668,#3669,#3674,.T.);
#3676=DIRECTION('',(0.0,1.0,0.0));
#3677=VECTOR('',#3676,0.1);
#3678=LINE('',#3665,#3677);
#3679=EDGE_CURVE('',#3669,#3670,#3678,.T.);
#3680=DIRECTION('',(-1.0,0.0,0.0));
#3681=VECTOR('',#3680,0.1);
#3682=LINE('',#3666,#3681);
#3683=EDGE_CURVE('',#3670,#3671,#3682,.T.);
#3684=DIRECTION('',(0.0,-1.0,0.0));
#3685=VECTOR('',#3684,0.1);
#3686=LINE('',#3667,#3685);
#3687=EDGE_CURVE('',#3671,#3668,#3686,.T.);
#3688=ORIENTED_EDGE('',$,$,#3675,.T.);
#3689=ORIENTED_EDGE('',$,$,#3679,.T.);
#3690=ORIENTED_EDGE('',$,$,#3683,.T.);
#3691=ORIENTED_EDGE('',$,$,#3687,.T.);
#3692=EDGE_LOOP('',(#3688,#3689,#3690,#3691));
#3693=FACE_OUTER_BOUND('',#3692,.T.);
#3694=ADVANCED_FACE('',(#3693),#5,.T.);
#3695=CARTESIAN_POINT('',(0.9,1.1,0.0));
#3696=CARTESIAN_POINT('',(1.0,1.1,0.0));
#3697=CARTESIAN_POINT('',(1.0,1.2,0.0));
#3698=CARTESIAN_POINT('',(0.9,1.2,0.0));
#3699=VERTEX_POINT('',#3695);
#3700=VERTEX_POINT('',#3696);
#3701=VERTEX_POINT('',#3697);
#3702=VERTEX_POINT('',#3698);
#3703=DIRECTION('',(1.0,0.0,0.0));
#3704=VECTOR('',#3703,0.1);
#3705=LINE('',#3695,#3704);
#3706=EDGE_CURVE('',#3699,#3700,#3705,.T.);
#3707=DIRECTION('',(0.0,1.0,0.0));
#3708=VECTOR('',#3707,0.1);
#3709=LINE('',#3696,#3708);
#3710=EDGE_CURVE('',#3700,#3701,#3709,.T.);
#3711=DIRECTION('',(-1.0,0.0,0.0));
#3712=VECTOR('',#3711,0.1);
#3713=LINE('',#3697,#3712);
#3714=EDGE_CURVE('',#3701,#3702,#3713,.T.);
#3715=DIRECTION('',(0.0,-1.0,0.0));
#3716=VECTOR('',#3715,0.1);
#3717=LINE('',#3698,#3716);
#3718=EDGE_CURVE('',#3702,#3699,#3717,.T.);
#3719=ORIENTED_EDGE('',$,$,#3706,.T.);
#3720=ORIENTED_EDGE('',$,$,#3710,.T.);
#3721=ORIENTED_EDGE('',$,$,#3714,.T.);
#3722=ORIENTED_EDGE('',$,$,#3718,.T.);
#3723=EDGE_LOOP('',(#3719,#3720,#3721,#3722));
#3724=FACE_OUTER_BOUND('',#3723,.T.);
#3725=ADVANCED_FACE('',(#3724),#5,.T.);
#3726=CARTESIAN_POINT('',(1.0,0.0,0.0));
#3727=CARTESIAN_POINT('',(1.1,0.0,0.0));
#3728=CARTESIAN_POINT('',(1.1,0.1,0.0));
#3729=CARTESIAN_POINT('',(1.0,0.1,0.0));
#3730=VERTEX_POINT('',#3726);
#3731=VERTEX_POINT('',#3727);
#3732=VERTEX_POINT('',#3728);
#3733=VERTEX_POINT('',#3729);
#3734=DIRECTION('',(1.0,0.0,0.0));
#3735=VECTOR('',#3734,0.1);
#3736=LINE('',#3726,#3735);
#3737=EDGE_CURVE('',#3730,#3731,#3736,.T.);
#3738=DIRECTION('',(0.0,1.0,0.0));
#3739=VECTOR('',#3738,0.1);
#3740=LINE('',#3727,#3739);
#3741=EDGE_CURVE('',#3731,#3732,#3740,.T.);
#3742=DIRECTION('',(-1.0,0.0,0.0));
#3743=VECTOR('',#3742,0.1);
#3744=LINE('',#3728,#3743);
#3745=EDGE_CURVE('',#3732,#3733,#3744,.T.);
#3746=DIRECTION('',(0.0,-1.0,0.0));
#3747=VECTOR('',#3746,0.1);
#3748=LINE('',#3729,#3747);
#3749=EDGE_CURVE('',#3733,#3730,#3748,.T.);
#3750=ORIENTED_EDGE('',$,$,#3737,.T.);
#3751=ORIENTED_EDGE('',$,$,#3741,.T.);
#3752=ORIENTED_EDGE('',$,$,#3745,.T.);
#3753=ORIENTED_EDGE('',$,$,#3749,.T.);
#3754=EDGE_LOOP('',(#3750,#3751,#3752,#3753));
#3755=FACE_OUTER_BOUND('',#3754,.T.);
#3756=ADVANCED_FACE('',(#3755),#5,.T.);
#3757=CARTESIAN_POINT('',(1.0,0.1,0.0));
#3758=CARTESIAN_POINT('',(1.1,0.1,0.0));
#3759=CARTESIAN_POINT('',(1.1,0.2,0.0));
#3760=CARTESIAN_POINT('',(1.0,0.2,0.0));
#3761=VERTEX_POINT('',#3757);
#3762=VERTEX_POINT('',#3758);
#3763=VERTEX_POINT('',#3759);
#3764=VERTEX_POINT('',#3760);
#3765=DIRECTION('',(1.0,0.0,0.0));
#3766=VECTOR('',#3765,0.1);
#3767=LINE('',#3757,#3766);
#3768=EDGE_CURVE('',#3761,#3762,#3767,.T.);
#3769=DIRECTION('',(0.0,1.0,0.0));
#3770=VECTOR('',#3769,0.1);
#3771=LINE('',#3758,#3770);
#3772=EDGE_CURVE('',#3762,#3763,#3771,.T.);
#3773=DIRECTION('',(-1.0,0.0,0.0));
#3774=VECTOR('',#3773,0.1);
#3775=LINE('',#3759,#3774);
#3776=EDGE_CURVE('',#3763,#3764,#3775,.T.);
#3777=DIRECTION('',(0.0,-1.0,0.0));
#3778=VECTOR('',#3777,0.1);
#3779=LINE('',#3760,#3778);
#3780=EDGE_CURVE('',#3764,#3761,#3779,.T.);
#3781=ORIENTED_EDGE('',$,$,#3768,.T.);
#3782=ORIENTED_EDGE('',$,$,#3772,.T.);
#3783=ORIENTED_EDGE('',$,$,#3776,.T.);
#3784=ORIENTED_EDGE('',$,$,#3780,.T.);
#3785=EDGE_LOOP('',(#3781,#3782,#3783,#3784));
#3786=FACE_OUTER_BOUND('',#3785,.T.);
#3787=ADVANCED_FACE('',(#3786),#5,.T.);
#3788=CARTESIAN_POINT('',(1.0,0.2,0.0));
#3789=CARTESIAN_POINT('',(1.1,0.2,0.0));
#3790=CARTESIAN_POINT('',(1.1,0.3,0.0));
#3791=CARTESIAN_POINT('',(1.0,0.3,0.0));
#3792=VERTEX_POINT('',#3788);
#3793=VERTEX_POINT('',#3789);
#3794=VERTEX_POINT('',#3790);
#3795=VERTEX_POINT('',#3791);
#3796=DIRECTION('',(1.0,0.0,0.0));
#3797=VECTOR('',#3796,0.1);
#3798=LINE('',#3788,#3797);
#3799=EDGE_CURVE('',#3792,#3793,#3798,.T.);
#3800=DIRECTION('',(0.0,1.0,0.0));
#3801=VECTOR('',#3800,0.1);
#3802=LINE('',#3789,#3801);
#3803=EDGE_CURVE('',#3793,#3794,#3802,.T.);
#3804=DIRECTION('',(-1.0,0.0,0.0));
#3805=VECTOR('',#3804,0.1);
#3806=LINE('',#3790,#3805);
#3807=EDGE_CURVE('',#3794,#3795,#3806,.T.);
#3808=DIRECTION('',(0.0,-1.0,0.0));
#3809=VECTOR('',#3808,0.1);
#3810=LINE('',#3791,#3809);
#3811=EDGE_CURVE('',#3795,#3792,#3810,.T.);
#3812=ORIENTED_EDGE('',$,$,#3799,.T.);
#3813=ORIENTED_EDGE('',$,$,#3803,.T.);
#3814=ORIENTED_EDGE('',$,$,#3807,.T.);
#3815=ORIENTED_EDGE('',$,$,#3811,.T.);
#3816=EDGE_LOOP('',(#3812,#3813,#3814,#3815));
#3817=FACE_OUTER_BOUND('',#3816,.T.);
#3818=ADVANCED_FACE('',(#3817),#5,.T.);
#3819=CARTESIAN_POINT('',(1.0,0.3,0.0));
#3820=CARTESIAN_POINT('',(1.1,0.3,0.0));
#3821=CARTESIAN_POINT('',(1.1,0.4,0.0));
#3822=CARTESIAN_POINT('',(1.0,0.4,0.0));
#3823=VERTEX_POINT('',#3819);
#3824=VERTEX_POINT('',#3820);
#3825=VERTEX_POINT('',#3821);
#3826=VERTEX_POINT('',#3822);
#3827=DIRECTION('',(1.0,0.0,0.0));
#3828=VECTOR('',#3827,0.1);
#3829=LINE('',#3819,#3828);
#3830=EDGE_CURVE('',#3823,#3824,#3829,.T.);
#3831=DIRECTION('',(0.0,1.0,0.0));
#3832=VECTOR('',#3831,0.1);
#3833=LINE('',#3820,#3832);
#3834=EDGE_CURVE('',#3824,#3825,#3833,.T.);
#3835=DIRECTION('',(-1.0,0.0,0.0));
#3836=VECTOR('',#3835,0.1);
#3837=LINE('',#3821,#3836);
#3838=EDGE_CURVE('',#3825,#3826,#3837,.T.);
#3839=DIRECTION('',(0.0,-1.0,0.0));
#3840=VECTOR('',#3839,0.1);
#3841=LINE('',#3822,#3840);
#3842=EDGE_CURVE('',#3826,#3823,#3841,.T.);
#3843=ORIENTED_EDGE('',$,$,#3830,.T.);
#3844=ORIENTED_EDGE('',$,$,#3834,.T.);
#3845=ORIENTED_EDGE('',$,$,#3838,.T.);
#3846=ORIENTED_EDGE('',$,$,#3842,.T.);
#3847=EDGE_LOOP('',(#3843,#3844,#3845,#3846));
#3848=FACE_OUTER_BOUND('',#3847,.T.);
#3849=ADVANCED_FACE('',(#3848),#5,.T.);
#3850=CARTESIAN_POINT('',(1.0,0.4,0.0));
#3851=CARTESIAN_POINT('',(1.1,0.4,0.0));
#3852=CARTESIAN_POINT('',(1.1,0.5,0.0));
#3853=CARTESIAN_POINT('',(1.0,0.5,0.0));
#3854=VERTEX_POINT('',#3850);
#3855=VERTEX_POINT('',#3851);
#3856=VERTEX_POINT('',#3852);
#3857=VERTEX_POINT('',#3853);
#3858=DIRECTION('',(1.0,0.0,0.0));
#3859=VECTOR('',#3858,0.1);
#3860=LINE('',#3850,#3859);
#3861=EDGE_CURVE('',#3854,#3855,#3860,.T.);
#3862=DIRECTION('',(0.0,1.0,0.0));
#3863=VECTOR('',#3862,0.1);
#3864=LINE('',#3851,#3863);
#3865=EDGE_CURVE('',#3855,#3856,#3864,.T.);
#3866=DIRECTION('',(-1.0,0.0,0.0));
#3867=VECTOR('',#3866,0.1);
#3868=LINE('',#3852,#3867);
#3869=EDGE_CURVE('',#3856,#3857,#3868,.T.);
#3870=DIRECTION('',(0.0,-1.0,0.0));
#3871=VECTOR('',#3870,0.1);
#3872=LINE('',#3853,#3871);
#3873=EDGE_CURVE('',#3857,#3854,#3872,.T.);
#3874=ORIENTED_EDGE('',$,$,#3861,.T.);
#3875=ORIENTED_EDGE('',$,$,#3865,.T.);
#3876=ORIENTED_EDGE('',$,$,#3869,.T.);
#3877=ORIENTED_EDGE('',$,$,#3873,.T.);
#3878=EDGE_LOOP('',(#3874,#3875,#3876,#3877));
#3879=FACE_OUTER_BOUND('',#3878,.T.);
#3880=ADVANCED_FACE('',(#3879),#5,.T.);
#3881=CARTESIAN_POINT('',(1.0,0.5,0.0));
#3882=CARTESIAN_POINT('',(1.1,0.5,0.0));
#3883=CARTESIAN_POINT('',(1.1,0.6,0.0));
#3884=CARTESIAN_POINT('',(1.0,0.6,0.0));
#3885=VERTEX_POINT('',#3881);
#3886=VERTEX_POINT('',#3882);
#3887=VERTEX_POINT('',#3883);
#3888=VERTEX_POINT('',#3884);
#3889=DIRECTION('',(1.0,0.0,0.0));
#3890=VECTOR('',#3889,0.1);
#3891=LINE('',#3881,#3890);
#3892=EDGE_CURVE('',#3885,#3886,#3891,.T.);
#3893=DIRECTION('',(0.0,1.0,0.0));
#3894=VECTOR('',#3893,0.1);
#3895=LINE('',#3882,#3894);
#3896=EDGE_CURVE('',#3886,#3887,#3895,.T.);
#3897=DIRECTION('',(-1.0,0.0,0.0));
#3898=VECTOR('',#3897,0.1);
#3899=LINE('',#3883,#3898);
#3900=EDGE_CURVE('',#3887,#3888,#3899,.T.);
#3901=DIRECTION('',(0.0,-1.0,0.0));
#3902=VECTOR('',#3901,0.1);
#3903=LINE('',#3884,#3902);
#3904=EDGE_CURVE('',#3888,#3885,#3903,.T.);
#3905=ORIENTED_EDGE('',$,$,#3892,.T.);
#3906=ORIENTED_EDGE('',$,$,#3896,.T.);
#3907=ORIENTED_EDGE('',$,$,#3900,.T.);
#3908=ORIENTED_EDGE('',$,$,#3904,.T.);
#3909=EDGE_LOOP('',(#3905,#3906,#3907,#3908));
#3910=FACE_OUTER_BOUND('',#3909,.T.);
#3911=ADVANCED_FACE('',(#3910),#5,.T.);
#3912=CARTESIAN_POINT('',(1.0,0.6,0.0));
#3913=CARTESIAN_POINT('',(1.1,0.6,0.0));
#3914=CARTESIAN_POINT('',(1.1,0.7,0.0));
#3915=CARTESIAN_POINT('',(1.0,0.7,0.0));
#3916=VERTEX_POINT('',#3912);
#3917=VERTEX_POINT('',#3913);
#3918=VERTEX_POINT('',#3914);
#3919=VERTEX_POINT('',#3915);
#3920=DIRECTION('',(1.0,0.0,0.0));
#3921=VECTOR('',#3920,0.1);
#3922=LINE('',#3912,#3921);
#3923=EDGE_CURVE('',#3916,#3917,#3922,.T.);
#3924=DIRECTION('',(0.0,1.0,0.0));
#3925=VECTOR('',#3924,0.1);
#3926=LINE('',#3913,#3925);
#3927=EDGE_CURVE('',#3917,#3918,#3926,.T.);
#3928=DIRECTION('',(-1.0,0.0,0.0));
#3929=VECTOR('',#3928,0.1);
#3930=LINE('',#3914,#3929);
#3931=EDGE_CURVE('',#3918,#3919,#3930,.T.);
#3932=DIRECTION('',(0.0,-1.0,0.0));
#3933=VECTOR('',#3932,0.1);
#3934=LINE('',#3915,#3933);
#3935=EDGE_CURVE('',#3919,#3916,#3934,.T.);
#3936=ORIENTED_EDGE('',$,$,#3923,.T.);
#3937=ORIENTED_EDGE('',$,$,#3927,.T.);
#3938=ORIENTED_EDGE('',$,$,#3931,.T.);
#3939=ORIENTED_EDGE('',$,$,#3935,.T.);
#3940=EDGE_LOOP('',(#3936,#3937,#3938,#3939));
#3941=FACE_OUTER_BOUND('',#3940,.T.);
#3942=ADVANCED_FACE('',(#3941),#5,.T.);
#3943=CARTESIAN_POINT('',(1.0,0.7,0.0));
#3944=CARTESIAN_POINT('',(1.1,0.7,0.0));
#3945=CARTESIAN_POINT('',(1.1,0.8,0.0));
#3946=CARTESIAN_POINT('',(1.0,0.8,0.0));
#3947=VERTEX_POINT('',#3943);
#3948=VERTEX_POINT('',#3944);
#3949=VERTEX_POINT('',#3945);
#3950=VERTEX_POINT('',#3946);
#3951=DIRECTION('',(1.0,0.0,0.0));
#3952=VECTOR('',#3951,0.1);
#3953=LINE('',#3943,#3952);
#3954=EDGE_CURVE('',#3947,#3948,#3953,.T.);
#3955=DIRECTION('',(0.0,1.0,0.0));
#3956=VECTOR('',#3955,0.1);
#3957=LINE('',#3944,#3956);
#3958=EDGE_CURVE('',#3948,#3949,#3957,.T.);
#3959=DIRECTION('',(-1.0,0.0,0.0));
#3960=VECTOR('',#3959,0.1);
#3961=LINE('',#3945,#3960);
#3962=EDGE_CURVE('',#3949,#3950,#3961,.T.);
#3963=DIRECTION('',(0.0,-1.0,0.0));
#3964=VECTOR('',#3963,0.1);
#3965=LINE('',#3946,#3964);
#3966=EDGE_CURVE('',#3950,#3947,#3965,.T.);
#3967=ORIENTED_EDGE('',$,$,#3954,.T.);
#3968=ORIENTED_EDGE('',$,$,#3958,.T.);
#3969=ORIENTED_EDGE('',$,$,#3962,.T.);
#3970=ORIENTED_EDGE('',$,$,#3966,.T.);
#3971=EDGE_LOOP('',(#3967,#3968,#3969,#3970));
#3972=FACE_OUTER_BOUND('',#3971,.T.);
#3973=ADVANCED_FACE('',(#3972),#5,.T.);
#3974=CARTESIAN_POINT('',(1.0,0.8,0.0));
#3975=CARTESIAN_POINT('',(1.1,0.8,0.0));
#3976=CARTESIAN_POINT('',(1.1,0.9,0.0));
#3977=CARTESIAN_POINT('',(1.0,0.9,0.0));
#3978=VERTEX_POINT('',#3974);
#3979=VERTEX_POINT('',#3975);
#3980=VERTEX_POINT('',#3976);
#3981=VERTEX_POINT('',#3977);
#3982=DIRECTION('',(1.0,0.0,0.0));
#3983=VECTOR('',#3982,0.1);
#3984=LINE('',#3974,#3983);
#3985=EDGE_CURVE('',#3978,#3979,#3984,.T.);
#3986=DIRECTION('',(0.0,1.0,0.0));
#3987=VECTOR('',#3986,0.1);
#3988=LINE('',#3975,#3987);
#3989=EDGE_CURVE('',#3979,#3980,#3988,.T.);
#3990=DIRECTION('',(-1.0,0.0,0.0));
#3991=VECTOR('',#3990,0.1);
#3992=LINE('',#3976,#3991);
#3993=EDGE_CURVE('',#3980,#3981,#3992,.T.);
#3994=DIRECTION('',(0.0,-1.0,0.0));
#3995=VECTOR('',#3994,0.1);
#3996=LINE('',#3977,#3995);
#3997=EDGE_CURVE('',#3981,#3978,#3996,.T.);
#3998=ORIENTED_EDGE('',$,$,#3985,.T.);
#3999=ORIENTED_EDGE('',$,$,#3989,.T.);
#4000=ORIENTED_EDGE('',$,$,#3993,.T.);
#4001=ORIENTED_EDGE('',$,$,#3997,.T.);
#4002=EDGE_LOOP('',(#3998,#3999,#4000,#4001));
#4003=FACE_OUTER_BOUND('',#4002,.T.);
#4004=ADVANCED_FACE('',(#4003),#5,.T.);
#4005=CARTESIAN_POINT('',(1.0,0.9,0.0));
#4006=CARTESIAN_POINT('',(1.1,0.9,0.0));
#4007=CARTESIAN_POINT('',(1.1,1.0,0.0));
#4008=CARTESIAN_POINT('',(1.0,1.0,0.0));
#4009=VERTEX_POINT('',#4005);
#4010=VERTEX_POINT('',#4006);
#4011=VERTEX_POINT('',#4007);
#4012=VERTEX_POINT('',#4008);
#4013=DIRECTION('',(1.0,0.0,0.0));
#4014=VECTOR('',#4013,0.1);
#4015=LINE('',#4005,#4014);
#4016=EDGE_CURVE('',#4009,#4010,#4015,.T.);
#4017=DIRECTION('',(0.0,1.0,0.0));
#4018=VECTOR('',#4017,0.1);
#4019=LINE('',#4006,#4018);
#4020=EDGE_CURVE('',#4010,#4011,#4019,.T.);
#4021=DIRECTION('',(-1.0,0.0,0.0));
#4022=VECTOR('',#4021,0.1);
#4023=LINE('',#4007,#4022);
#4024=EDGE_CURVE('',#4011,#4012,#4023,.T.);
#4025=DIRECTION('',(0.0,-1.0,0.0));
#4026=VECTOR('',#4025,0.1);
#4027=LINE('',#4008,#4026);
#4028=EDGE_CURVE('',#4012,#4009,#4027,.T.);
#4029=ORIENTED_EDGE('',$,$,#4016,.T.);
#4030=ORIENTED_EDGE('',$,$,#4020,.T.);
#4031=ORIENTED_EDGE('',$,$,#4024,.T.);
#4032=ORIENTED_EDGE('',$,$,#4028,.T.);
#4033=EDGE_LOOP('',(#4029,#4030,#4031,#4032));
#4034=FACE_OUTER_BOUND('',#4033,.T.);
#4035=ADVANCED_FACE('',(#4034),#5,.T.);
#4036=CARTESIAN_POINT('',(1.0,1.0,0.0));
#4037=CARTESIAN_POINT('',(1.1,1.0,0.0));
#4038=CARTESIAN_POINT('',(1.1,1.1,0.0));
#4039=CARTESIAN_POINT('',(1.0,1.1,0.0));
#4040=VERTEX_POINT('',#4036);
#4041=VERTEX_POINT('',#4037);
#4042=VERTEX_POINT('',#4038);
#4043=VERTEX_POINT('',#4039);
#4044=DIRECTION('',(1.0,0.0,0.0));
#4045=VECTOR('',#4044,0.1);
#4046=LINE('',#4036,#4045);
#4047=EDGE_CURVE('',#4040,#4041,#4046,.T.);
#4048=DIRECTION('',(0.0,1.0,0.0));
#4049=VECTOR('',#4048,0.1);
#4050=LINE('',#4037,#4049);
#4051=EDGE_CURVE('',#4041,#4042,#4050,.T.);
#4052=DIRECTION('',(-1.0,0.0,0.0));
#4053=VECTOR('',#4052,0.1);
#4054=LINE('',#4038,#4053);
#4055=EDGE_CURVE('',#4042,#4043,#4054,.T.);
#4056=DIRECTION('',(0.0,-1.0,0.0));
#4057=VECTOR('',#4056,0.1);
#4058=LINE('',#4039,#4057);
#4059=EDGE_CURVE('',#4043,#4040,#4058,.T.);
#4060=ORIENTED_EDGE('',$,$,#4047,.T.);
#4061=ORIENTED_EDGE('',$,$,#4051,.T.);
#4062=ORIENTED_EDGE('',$,$,#4055,.T.);
#4063=ORIENTED_EDGE('',$,$,#4059,.T.);
#4064=EDGE_LOOP('',(#4060,#4061,#4062,#4063));
#4065=FACE_OUTER_BOUND('',#4064,.T.);
#4066=ADVANCED_FACE('',(#4065),#5,.T.);
#4067=CARTESIAN_POINT('',(1.0,1.1,0.0));
#4068=CARTESIAN_POINT('',(1.1,1.1,0.0));
#4069=CARTESIAN_POINT('',(1.1,1.2,0.0));
#4070=CARTESIAN_POINT('',(1.0,1.2,0.0));
#4071=VERTEX_POINT('',#4067);
#4072=VERTEX_POINT('',#4068);
#4073=VERTEX_POINT('',#4069);
#4074=VERTEX_POINT('',#4070);
#4075=DIRECTION('',(1.0,0.0,0.0));
#4076=VECTOR('',#4075,0.1);
#4077=LINE('',#4067,#4076);
#4078=EDGE_CURVE('',#4071,#4072,#4077,.T.);
#4079=DIRECTION('',(0.0,1.0,0.0));
#4080=VECTOR('',#4079,0.1);
#4081=LINE('',#4068,#4080);
#4082=EDGE_CURVE('',#4072,#4073,#4081,.T.);
#4083=DIRECTION('',(-1.0,0.0,0.0));
#4084=VECTOR('',#4083,0.1);
#4085=LINE('',#4069,#4084);
#4086=EDGE_CURVE('',#4073,#4074,#4085,.T.);
#4087=DIRECTION('',(0.0,-1.0,0.0));
#4088=VECTOR('',#4087,0.1);
#4089=LINE('',#4070,#4088);
#4090=EDGE_CURVE('',#4074,#4071,#4089,.T.);
#4091=ORIENTED_EDGE('',$,$,#4078,.T.);
#4092=ORIENTED_EDGE('',$,$,#4082,.T.);
#4093=ORIENTED_EDGE('',$,$,#4086,.T.);
#4094=ORIENTED_EDGE('',$,$,#4090,.T.);
#4095=EDGE_LOOP('',(#4091,#4092,#4093,#4094));
#4096=FACE_OUTER_BOUND('',#4095,.T.);
#4097=ADVANCED_FACE('',(#4096),#5,.T.);
#4098=CARTESIAN_POINT('',(1.1,0.0,0.0));
#4099=CARTESIAN_POINT('',(1.2,0.0,0.0));
#4100=CARTESIAN_POINT('',(1.2,0.1,0.0));
#4101=CARTESIAN_POINT('',(1.1,0.1,0.0));
#4102=VERTEX_POINT('',#4098);
#4103=VERTEX_POINT('',#4099);
#4104=VERTEX_POINT('',#4100);
#4105=VERTEX_POINT('',#4101);
#4106=DIRECTION('',(1.0,0.0,0.0));
#4107=VECTOR('',#4106,0.1);
#4108=LINE('',#4098,#4107);
#4109=EDGE_CURVE('',#4102,#4103,#4108,.T.);
#4110=DIRECTION('',(0.0,1.0,0.0));
#4111=VECTOR('',#4110,0.1);
#4112=LINE('',#4099,#4111);
#4113=EDGE_CURVE('',#4103,#4104,#4112,.T.);
#4114=DIRECTION('',(-1.0,0.0,0.0));
#4115=VECTOR('',#4114,0.1);
#4116=LINE('',#4100,#4115);
#4117=EDGE_CURVE('',#4104,#4105,#4116,.T.);
#4118=DIRECTION('',(0.0,-1.0,0.0));
#4119=VECTOR('',#4118,0.1);
#4120=LINE('',#4101,#4119);
#4121=EDGE_CURVE('',#4105,#4102,#4120,.T.);
#4122=ORIENTED_EDGE('',$,$,#4109,.T.);
#4123=ORIENTED_EDGE('',$,$,#4113,.T.);
#4124=ORIENTED_EDGE('',$,$,#4117,.T.);
#4125=ORIENTED_EDGE('',$,$,#4121,.T.);
#4126=EDGE_LOOP('',(#4122,#4123,#4124,#4125));
#4127=FACE_OUTER_BOUND('',#4126,.T.);
#4128=ADVANCED_FACE('',(#4127),#5,.T.);
#4129=CARTESIAN_POINT('',(1.1,0.1,0.0));
#4130=CARTESIAN_POINT('',(1.2,0.1,0.0));
#4131=CARTESIAN_POINT('',(1.2,0.2,0.0));
#4132=CARTESIAN_POINT('',(1.1,0.2,0.0));
#4133=VERTEX_POINT('',#4129);
#4134=VERTEX_POINT('',#4130);
#4135=VERTEX_POINT('',#4131);
#4136=VERTEX_POINT('',#4132);
#4137=DIRECTION('',(1.0,0.0,0.0));
#4138=VECTOR('',#4137,0.1);
#4139=LINE('',#4129,#4138);
#4140=EDGE_CURVE('',#4133,#4134,#4139,.T.);
#4141=DIRECTION('',(0.0,1.0,0.0));
#4142=VECTOR('',#4141,0.1);
#4143=LINE('',#4130,#4142);
#4144=EDGE_CURVE('',#4134,#4135,#4143,.T.);
#4145=DIRECTION('',(-1.0,0.0,0.0));
#4146=VECTOR('',#4145,0.1);
#4147=LINE('',#4131,#4146);
#4148=EDGE_CURVE('',#4135,#4136,#4147,.T.);
#4149=DIRECTION('',(0.0,-1.0,0.0));
#4150=VECTOR('',#4149,0.1);
#4151=LINE('',#4132,#4150);
#4152=EDGE_CURVE('',#4136,#4133,#4151,.T.);
#4153=ORIENTED_EDGE('',$,$,#4140,.T.);
#4154=ORIENTED_EDGE('',$,$,#4144,.T.);
#4155=ORIENTED_EDGE('',$,$,#4148,.T.);
#4156=ORIENTED_EDGE('',$,$,#4152,.T.);
#4157=EDGE_LOOP('',(#4153,#4154,#4155,#4156));
#4158=FACE_OUTER_BOUND('',#4157,.T.);
#4159=ADVANCED_FACE('',(#4158),#5,.T.);
#4160=CARTESIAN_POINT('',(1.1,0.2,0.0));
#4161=CARTESIAN_POINT('',(1.2,0.2,0.0));
#4162=CARTESIAN_POINT('',(1.2,0.3,0.0));
#4163=CARTESIAN_POINT('',(1.1,0.3,0.0));
#4164=VERTEX_POINT('',#4160);
#4165=VERTEX_POINT('',#4161);
#4166=VERTEX_POINT('',#4162);
#4167=VERTEX_POINT('',#4163);
#4168=DIRECTION('',(1.0,0.0,0.0));
#4169=VECTOR('',#4168,0.1);
#4170=LINE('',#4160,#4169);
#4171=EDGE_CURVE('',#4164,#4165,#4170,.T.);
#4172=DIRECTION('',(0.0,1.0,0.0));
#4173=VECTOR('',#4172,0.1);
#4174=LINE('',#4161,#4173);
#4175=EDGE_CURVE('',#4165,#4166,#4174,.T.);
#4176=DIRECTION('',(-1.0,0.0,0.0));
#4177=VECTOR('',#4176,0.1);
#4178=LINE('',#4162,#4177);
#4179=EDGE_CURVE('',#4166,#4167,#4178,.T.);
#4180=DIRECTION('',(0.0,-1.0,0.0));
#4181=VECTOR('',#4180,0.1);
#4182=LINE('',#4163,#4181);
#4183=EDGE_CURVE('',#4167,#4164,#4182,.T.);
#4184=ORIENTED_EDGE('',$,$,#4171,.T.);
#4185=ORIENTED_EDGE('',$,$,#4175,.T.);
#4186=ORIENTED_EDGE('',$,$,#4179,.T.);
#4187=ORIENTED_EDGE('',$,$,#4183,.T.);
#4188=EDGE_LOOP('',(#4184,#4185,#4186,#4187));
#4189=FACE_OUTER_BOUND('',#4188,.T.);
#4190=ADVANCED_FACE('',(#4189),#5,.T.);
#4191=CARTESIAN_POINT('',(1.1,0.3,0.0));
#4192=CARTESIAN_POINT('',(1.2,0.3,0.0));
#4193=CARTESIAN_POINT('',(1.2,0.4,0.0));
#4194=CARTESIAN_POINT('',(1.1,0.4,0.0));
#4195=VERTEX_POINT('',#4191);
#4196=VERTEX_POINT('',#4192);
#4197=VERTEX_POINT('',#4193);
#4198=VERTEX_POINT('',#4194);
#4199=DIRECTION('',(1.0,0.0,0.0));
#4200=VECTOR('',#4199,0.1);
#4201=LINE('',#4191,#4200);
#4202=EDGE_CURVE('',#4195,#4196,#4201,.T.);
#4203=DIRECTION('',(0.0,1.0,0.0));
#4204=VECTOR('',#4203,0.1);
#4205=LINE('',#4192,#4204);
#4206=EDGE_CURVE('',#4196,#4197,#4205,.T.);
#4207=DIRECTION('',(-1.0,0.0,0.0));
#4208=VECTOR('',#4207,0.1);
#4209=LINE('',#4193,#4208);
#4210=EDGE_CURVE('',#4197,#4198,#4209,.T.);
#4211=DIRECTION('',(0.0,-1.0,0.0));
#4212=VECTOR('',#4211,0.1);
#4213=LINE('',#4194,#4212);
#4214=EDGE_CURVE('',#4198,#4195,#4213,.T.);
#4215=ORIENTED_EDGE('',$,$,#4202,.T.);
#4216=ORIENTED_EDGE('',$,$,#4206,.T.);
#4217=ORIENTED_EDGE('',$,$,#4210,.T.);
#4218=ORIENTED_EDGE('',$,$,#4214,.T.);
#4219=EDGE_LOOP('',(#4215,#4216,#4217,#4218));
#4220=FACE_OUTER_BOUND('',#4219,.T.);
#4221=ADVANCED_FACE('',(#4220),#5,.T.);
#4222=CARTESIAN_POINT('',(1.1,0.4,0.0));
#4223=CARTESIAN_POINT('',(1.2,0.4,0.0));
#4224=CARTESIAN_POINT('',(1.2,0.5,0.0));
#4225=CARTESIAN_POINT('',(1.1,0.5,0.0));
#4226=VERTEX_POINT('',#4222);
#4227=VERTEX_POINT('',#4223);
#4228=VERTEX_POINT('',#4224);
#4229=VERTEX_POINT('',#4225);
#4230=DIRECTION('',(1.0,0.0,0.0));
#4231=VECTOR('',#4230,0.1);
#4232=LINE('',#4222,#4231);
#4233=EDGE_CURVE('',#4226,#4227,#4232,.T.);
#4234=DIRECTION('',(0.0,1.0,0.0));
#4235=VECTOR('',#4234,0.1);
#4236=LINE('',#4223,#4235);
#4237=EDGE_CURVE('',#4227,#4228,#4236,.T.);
#4238=DIRECTION('',(-1.0,0.0,0.0));
#4239=VECTOR('',#4238,0.1);
#4240=LINE('',#4224,#4239);
#4241=EDGE_CURVE('',#4228,#4229,#4240,.T.);
#4242=DIRECTION('',(0.0,-1.0,0.0));
#4243=VECTOR('',#4242,0.1);
#4244=LINE('',#4225,#4243);
#4245=EDGE_CURVE('',#4229,#4226,#4244,.T.);
#4246=ORIENTED_EDGE('',$,$,#4233,.T.);
#4247=ORIENTED_EDGE('',$,$,#4237,.T.);
#4248=ORIENTED_EDGE('',$,$,#4241,.T.);
#4249=ORIENTED_EDGE('',$,$,#4245,.T.);
#4250=EDGE_LOOP('',(#4246,#4247,#4248,#4249));
#4251=FACE_OUTER_BOUND('',#4250,.T.);
#4252=ADVANCED_FACE('',(#4251),#5,.T.);
#4253=CARTESIAN_POINT('',(1.1,0.5,0.0));
#4254=CARTESIAN_POINT('',(1.2,0.5,0.0));
#4255=CARTESIAN_POINT('',(1.2,0.6,0.0));
#4256=CARTESIAN_POINT('',(1.1,0.6,0.0));
#4257=VERTEX_POINT('',#4253);
#4258=VERTEX_POINT('',#4254);
#4259=VERTEX_POINT('',#4255);
#4260=VERTEX_POINT('',#4256);
#4261=DIRECTION('',(1.0,0.0,0.0));
#4262=VECTOR('',#4261,0.1);
#4263=LINE('',#4253,#4262);
#4264=EDGE_CURVE('',#4257,#4258,#4263,.T.);
#4265=DIRECTION('',(0.0,1.0,0.0));
#4266=VECTOR('',#4265,0.1);
#4267=LINE('',#4254,#4266);
#4268=EDGE_CURVE('',#4258,#4259,#4267,.T.);
#4269=DIRECTION('',(-1.0,0.0,0.0));
#4270=VECTOR('',#4269,0.1);
#4271=LINE('',#4255,#4270);
#4272=EDGE_CURVE('',#4259,#4260,#4271,.T.);
#4273=DIRECTION('',(0.0,-1.0,0.0));
#4274=VECTOR('',#4273,0.1);
#4275=LINE('',#4256,#4274);
#4276=EDGE_CURVE('',#4260,#4257,#4275,.T.);
#4277=ORIENTED_EDGE('',$,$,#4264,.T.);
#4278=ORIENTED_EDGE('',$,$,#4268,.T.);
#4279=ORIENTED_EDGE('',$,$,#4272,.T.);
#4280=ORIENTED_EDGE('',$,$,#4276,.T.);
#4281=EDGE_LOOP('',(#4277,#4278,#4279,#4280));
#4282=FACE_OUTER_BOUND('',#4281,.T.);
#4283=ADVANCED_FACE('',(#4282),#5,.T.);
#4284=CARTESIAN_POINT('',(1.1,0.6,0.0));
#4285=CARTESIAN_POINT('',(1.2,0.6,0.0));
#4286=CARTESIAN_POINT('',(1.2,0.7,0.0));
#4287=CARTESIAN_POINT('',(1.1,0.7,0.0));
#4288=VERTEX_POINT('',#4284);
#4289=VERTEX_POINT('',#4285);
#4290=VERTEX_POINT('',#4286);
#4291=VERTEX_POINT('',#4287);
#4292=DIRECTION('',(1.0,0.0,0.0));
#4293=VECTOR('',#4292,0.1);
#4294=LINE('',#4284,#4293);
#4295=EDGE_CURVE('',#4288,#4289,#4294,.T.);
#4296=DIRECTION('',(0.0,1.0,0.0));
#4297=VECTOR('',#4296,0.1);
#4298=LINE('',#4285,#4297);
#4299=EDGE_CURVE('',#4289,#4290,#4298,.T.);
#4300=DIRECTION('',(-1.0,0.0,0.0));
#4301=VECTOR('',#4300,0.1);
#4302=LINE('',#4286,#4301);
#4303=EDGE_CURVE('',#4290,#4291,#4302,.T.);
#4304=DIRECTION('',(0.0,-1.0,0.0));
#4305=VECTOR('',#4304,0.1);
#4306=LINE('',#4287,#4305);
#4307=EDGE_CURVE('',#4291,#4288,#4306,.T.);
#4308=ORIENTED_EDGE('',$,$,#4295,.T.);
#4309=ORIENTED_EDGE('',$,$,#4299,.T.);
#4310=ORIENTED_EDGE('',$,$,#4303,.T.);
#4311=ORIENTED_EDGE('',$,$,#4307,.T.);
#4312=EDGE_LOOP('',(#4308,#4309,#4310,#4311));
#4313=FACE_OUTER_BOUND('',#4312,.T.);
#4314=ADVANCED_FACE('',(#4313),#5,.T.);
#4315=CARTESIAN_POINT('',(1.1,0.7,0.0));
#4316=CARTESIAN_POINT('',(1.2,0.7,0.0));
#4317=CARTESIAN_POINT('',(1.2,0.8,0.0));
#4318=CARTESIAN_POINT('',(1.1,0.8,0.0));
#4319=VERTEX_POINT('',#4315);
#4320=VERTEX_POINT('',#4316);
#4321=VERTEX_POINT('',#4317);
#4322=VERTEX_POINT('',#4318);
#4323=DIRECTION('',(1.0,0.0,0.0));
#4324=VECTOR('',#4323,0.1);
#4325=LINE('',#4315,#4324);
#4326=EDGE_CURVE('',#4319,#4320,#4325,.T.);
#4327=DIRECTION('',(0.0,1.0,0.0));
#4328=VECTOR('',#4327,0.1);
#4329=LINE('',#4316,#4328);
#4330=EDGE_CURVE('',#4320,#4321,#4329,.T.);
#4331=DIRECTION('',(-1.0,0.0,0.0));
#4332=VECTOR('',#4331,0.1);
#4333=LINE('',#4317,#4332);
#4334=EDGE_CURVE('',#4321,#4322,#4333,.T.);
#4335=DIRECTION('',(0.0,-1.0,0.0));
#4336=VECTOR('',#4335,0.1);
#4337=LINE('',#4318,#4336);
#4338=EDGE_CURVE('',#4322,#4319,#4337,.T.);
#4339=ORIENTED_EDGE('',$,$,#4326,.T.);
#4340=ORIENTED_EDGE('',$,$,#4330,.T.);
#4341=ORIENTED_EDGE('',$,$,#4334,.T.);
#4342=ORIENTED_EDGE('',$,$,#4338,.T.);
#4343=EDGE_LOOP('',(#4339,#4340,#4341,#4342));
#4344=FACE_OUTER_BOUND('',#4343,.T.);
#4345=ADVANCED_FACE('',(#4344),#5,.T.);
#4346=CARTESIAN_POINT('',(1.1,0.8,0.0));
#4347=CARTESIAN_POINT('',(1.2,0.8,0.0));
#4348=CARTESIAN_POINT('',(1.2,0.9,0.0));
#4349=CARTESIAN_POINT('',(1.1,0.9,0.0));
#4350=VERTEX_POINT('',#4346);
#4351=VERTEX_POINT('',#4347);
#4352=VERTEX_POINT('',#4348);
#4353=VERTEX_POINT('',#4349);
#4354=DIRECTION('',(1.0,0.0,0.0));
#4355=VECTOR('',#4354,0.1);
#4356=LINE('',#4346,#4355);
#4357=EDGE_CURVE('',#4350,#4351,#4356,.T.);
#4358=DIRECTION('',(0.0,1.0,0.0));
#4359=VECTOR('',#4358,0.1);
#4360=LINE('',#4347,#4359);
#4361=EDGE_CURVE('',#4351,#4352,#4360,.T.);
#4362=DIRECTION('',(-1.0,0.0,0.0));
#4363=VECTOR('',#4362,0.1);
#4364=LINE('',#4348,#4363);
#4365=EDGE_CURVE('',#4352,#4353,#4364,.T.);
#4366=DIRECTION('',(0.0,-1.0,0.0));
#4367=VECTOR('',#4366,0.1);
#4368=LINE('',#4349,#4367);
#4369=EDGE_CURVE('',#4353,#4350,#4368,.T.);
#4370=ORIENTED_EDGE('',$,$,#4357,.T.);
#4371=ORIENTED_EDGE('',$,$,#4361,.T.);
#4372=ORIENTED_EDGE('',$,$,#4365,.T.);
#4373=ORIENTED_EDGE('',$,$,#4369,.T.);
#4374=EDGE_LOOP('',(#4370,#4371,#4372,#4373));
#4375=FACE_OUTER_BOUND('',#4374,.T.);
#4376=ADVANCED_FACE('',(#4375),#5,.T.);
#4377=CARTESIAN_POINT('',(1.1,0.9,0.0));
#4378=CARTESIAN_POINT('',(1.2,0.9,0.0));
#4379=CARTESIAN_POINT('',(1.2,1.0,0.0));
#4380=CARTESIAN_POINT('',(1.1,1.0,0.0));
#4381=VERTEX_POINT('',#4377);
#4382=VERTEX_POINT('',#4378);
#4383=VERTEX_POINT('',#4379);
#4384=VERTEX_POINT('',#4380);
#4385=DIRECTION('',(1.0,0.0,0.0));
#4386=VECTOR('',#4385,0.1);
#4387=LINE('',#4377,#4386);
#4388=EDGE_CURVE('',#4381,#4382,#4387,.T.);
#4389=DIRECTION('',(0.0,1.0,0.0));
#4390=VECTOR('',#4389,0.1);
#4391=LINE('',#4378,#4390);
#4392=EDGE_CURVE('',#4382,#4383,#4391,.T.);
#4393=DIRECTION('',(-1.0,0.0,0.0));
#4394=VECTOR('',#4393,0.1);
#4395=LINE('',#4379,#4394);
#4396=EDGE_CURVE('',#4383,#4384,#4395,.T.);
#4397=DIRECTION('',(0.0,-1.0,0.0));
#4398=VECTOR('',#4397,0.1);
#4399=LINE('',#4380,#4398);
#4400=EDGE_CURVE('',#4384,#4381,#4399,.T.);
#4401=ORIENTED_EDGE('',$,$,#4388,.T.);
#4402=ORIENTED_EDGE('',$,$,#4392,.T.);
#4403=ORIENTED_EDGE('',$,$,#4396,.T.);
#4404=ORIENTED_EDGE('',$,$,#4400,.T.);
#4405=EDGE_LOOP('',(#4401,#4402,#4403,#4404));
#4406=FACE_OUTER_BOUND('',#4405,.T.);
#4407=ADVANCED_FACE('',(#4406),#5,.T.);
#4408=CARTESIAN_POINT('',(1.1,1.0,0.0));
#4409=CARTESIAN_POINT('',(1.2,1.0,0.0));
#4410=CARTESIAN_POINT('',(1.2,1.1,0.0));
#4411=CARTESIAN_POINT('',(1.1,1.1,0.0));
#4412=VERTEX_POINT('',#4408);
#4413=VERTEX_POINT('',#4409);
#4414=VERTEX_POINT('',#4410);
#4415=VERTEX_POINT('',#4411);
#4416=DIRECTION('',(1.0,0.0,0.0));
#4417=VECTOR('',#4416,0.1);
#4418=LINE('',#4408,#4417);
#4419=EDGE_CURVE('',#4412,#4413,#4418,.T.);
#4420=DIRECTION('',(0.0,1.0,0.0));
#4421=VECTOR('',#4420,0.1);
#4422=LINE('',#4409,#4421);
#4423=EDGE_CURVE('',#4413,#4414,#4422,.T.);
#4424=DIRECTION('',(-1.0,0.0,0.0));
#4425=VECTOR('',#4424,0.1);
#4426=LINE('',#4410,#4425);
#4427=EDGE_CURVE('',#4414,#4415,#4426,.T.);
#4428=DIRECTION('',(0.0,-1.0,0.0));
#4429=VECTOR('',#4428,0.1);
#4430=LINE('',#4411,#4429);
#4431=EDGE_CURVE('',#4415,#4412,#4430,.T.);
#4432=ORIENTED_EDGE('',$,$,#4419,.T.);
#4433=ORIENTED_EDGE('',$,$,#4423,.T.);
#4434=ORIENTED_EDGE('',$,$,#4427,.T.);
#4435=ORIENTED_EDGE('',$,$,#4431,.T.);
#4436=EDGE_LOOP('',(#4432,#4433,#4434,#4435));
#4437=FACE_OUTER_BOUND('',#4436,.T.);
#4438=ADVANCED_FACE('',(#4437),#5,.T.);
#4439=CARTESIAN_POINT('',(1.1,1.1,0.0));
#4440=CARTESIAN_POINT('',(1.2,1.1,0.0));
#4441=CARTESIAN_POINT('',(1.2,1.2,0.0));
#4442=CARTESIAN_POINT('',(1.1,1.2,0.0));
#4443=VERTEX_POINT('',#4439);
#4444=VERTEX_POINT('',#4440);
#4445=VERTEX_POINT('',#4441);
#4446=VERTEX_POINT('',#4442);
#4447=DIRECTION('',(1.0,0.0,0.0));
#4448=VECTOR('',#4447,0.1);
#4449=LINE('',#4439,#4448);
#4450=EDGE_CURVE('',#4443,#4444,#4449,.T.);
#4451=DIRECTION('',(0.0,1.0,0.0));
#4452=VECTOR('',#4451,0.1);
#4453=LINE('',#4440,#4452);
#4454=EDGE_CURVE('',#4444,#4445,#4453,.T.);
#4455=DIRECTION('',(-1.0,0.0,0.0));
#4456=VECTOR('',#4455,0.1);
#4457=LINE('',#4441,#4456);
#4458=EDGE_CURVE('',#4445,#4446,#4457,.T.);
#4459=DIRECTION('',(0.0,-1.0,0.0));
#4460=VECTOR('',#4459,0.1);
#4461=LINE('',#4442,#4460);
#4462=EDGE_CURVE('',#4446,#4443,#4461,.T.);
#4463=ORIENTED_EDGE('',$,$,#4450,.T.);
#4464=ORIENTED_EDGE('',$,$,#4454,.T.);
#4465=ORIENTED_EDGE('',$,$,#4458,.T.);
#4466=ORIENTED_EDGE('',$,$,#4462,.T.);
#4467=EDGE_LOOP('',(#4463,#4464,#4465,#4466));
#4468=FACE_OUTER_BOUND('',#4467,.T.);
#4469=ADVANCED_FACE('',(#4468),#5,.T.);
#4470=CLOSED_SHELL('auto_mesh_target',(#36,#67,#98,#129,#160,#191,#222,#253,#284,#315,#346,#377,#408,#439,#470,#501,#532,#563,#594,#625,#656,#687,#718,#749,#780,#811,#842,#873,#904,#935,#966,#997,#1028,#1059,#1090,#1121,#1152,#1183,#1214,#1245,#1276,#1307,#1338,#1369,#1400,#1431,#1462,#1493,#1524,#1555,#1586,#1617,#1648,#1679,#1710,#1741,#1772,#1803,#1834,#1865,#1896,#1927,#1958,#1989,#2020,#2051,#2082,#2113,#2144,#2175,#2206,#2237,#2268,#2299,#2330,#2361,#2392,#2423,#2454,#2485,#2516,#2547,#2578,#2609,#2640,#2671,#2702,#2733,#2764,#2795,#2826,#2857,#2888,#2919,#2950,#2981,#3012,#3043,#3074,#3105,#3136,#3167,#3198,#3229,#3260,#3291,#3322,#3353,#3384,#3415,#3446,#3477,#3508,#3539,#3570,#3601,#3632,#3663,#3694,#3725,#3756,#3787,#3818,#3849,#3880,#3911,#3942,#3973,#4004,#4035,#4066,#4097,#4128,#4159,#4190,#4221,#4252,#4283,#4314,#4345,#4376,#4407,#4438,#4469));
#4471=MANIFOLD_SOLID_BREP('many_small_faces',#4470);
#9050=PRODUCT_CONTEXT('',#9000,'mechanical');
#9051=PRODUCT('Pf033','Pf033','',(#9050));
#9052=PRODUCT_DEFINITION_FORMATION('','',#9051);
#9053=PRODUCT_DEFINITION_CONTEXT('part definition',#9000,'design');
#9054=PRODUCT_DEFINITION('','','',#9052,#9053);
#9055=PRODUCT_DEFINITION_SHAPE('','','',#9054);
#9056=(LENGTH_UNIT()NAMED_UNIT(*)SI_UNIT(.MILLI.,.METRE.));
#9057=(NAMED_UNIT(*)PLANE_ANGLE_UNIT()SI_UNIT($,.RADIAN.));
#9058=(NAMED_UNIT(*)SI_UNIT($,.STERADIAN.)SOLID_ANGLE_UNIT());
#9059=UNCERTAINTY_MEASURE_WITH_UNIT(LENGTH_MEASURE(1.0E-7),#9056,'distance_accuracy_value','');
#9060=(GEOMETRIC_REPRESENTATION_CONTEXT(3)GLOBAL_UNCERTAINTY_ASSIGNED_CONTEXT((#9059))GLOBAL_UNIT_ASSIGNED_CONTEXT((#9056,#9057,#9058))REPRESENTATION_CONTEXT('','3D'));
#9061=MANIFOLD_SURFACE_SHAPE_REPRESENTATION('',(#4471),#9060);
#9062=SHAPE_DEFINITION_REPRESENTATION(#9055,#9061);
ENDSEC;
END-ISO-10303-21;
